rank,ticker,yahoo_ticker,company,sector,data_date,current_price,trough_date,trough_price,duration_days,beta,beta_class,rsi,rsi_class,duration_class,weight5_point_return_from_trough_pct,lower_peak_return_from_trough_pct,expected_peak_return_from_trough_pct,upper_peak_return_from_trough_pct,lower_peak_price,expected_peak_price,upper_peak_price,lower_remaining_upside_pct,expected_remaining_upside_pct,upper_remaining_upside_pct,local_lower_coverage,local_upper_coverage,calibration_neighbors,reliability,trained_constituent,history_days

1,FTNT,FTNT,Fortinet,Information Technology,2026-06-30,152.46499633789062,2026-06-10,138.74750137329102,13,0.8477288164522092,market_beta,76.76843801405701,overbought,short_8_14,41.027064308137625,29.731354856054935,37.62869171731601,54.490185680427324,179.99901336049388,190.95637093052548,214.35127249855074,18.059238306465296,25.246040413978598,40.59048151846518,0.9120367398865501,0.910001254229206,800,medium,False,4177

2,AMD,AMD,Advanced Micro Devices,Information Technology,2026-06-30,564.1949920654297,2026-06-23,516.057487487793,5,3.1973231047096173,high_beta,70.85961431475428,overbought,very_short_4_7,40.62140286619338,21.164483244216463,35.62327228824892,63.03389375290766,625.2783879576714,699.8940514194657,841.3486158547731,10.826646239560711,24.051801462693412,49.12372986061562,0.9610579743115039,0.9474353643401576,800,medium,False,5405

3,ABBV,ABBV,AbbVie,Health Care,2026-06-30,253.06000137329102,2026-04-28,197.99499893188477,43,0.1574697029031581,low_beta,80.99432693779052,overbought,long_29_plus,54.71997402353928,41.16312287097097,51.1923397309062,67.67077706823888,279.49592362059417,299.3532714352993,331.9797532653424,10.446503637019777,18.29339674811772,31.186181721241745,0.900306400790371,0.8995704113706309,800,medium,False,3393

4,DVA,DVA,DaVita,Health Care,2026-06-30,220.79750061035156,2026-06-02,189.09499740600586,19,0.08041596451415374,low_beta,93.75063842358675,overbought,medium_15_28,37.47984562239019,28.346210592111497,36.87128677130853,53.09809667563204,242.69626358986008,258.8167561697727,289.5008419374307,9.918030285204171,17.219060657083674,31.115995940697783,0.9004061755720574,0.899637431722389,800,medium,False,5406

5,RVTY,RVTY,Revvity,Health Care,2026-06-30,113.03499984741211,2026-05-15,94.46750068664551,30,1.3644601504318197,high_beta,74.27036286254065,overbought,long_29_plus,43.240227418437954,29.89170162008958,40.50241791408585,54.626195242877685,122.70544411985367,132.7291226077426,146.0715020527993,8.555265435923264,17.423030731115063,29.22679015347789,0.899704224848139,0.8988988209612137,800,high,True,5406

6,GLW,GLW,Corning Inc.,Information Technology,2026-06-30,257.54999923706055,2026-06-17,177.00249862670898,8,3.168913104190033,high_beta,81.10871364703523,overbought,short_8_14,72.64352098852027,57.94289206744567,68.96039199464083,92.81149424761088,279.562865362665,299.0641155199963,341.28116245776454,8.547026282590986,16.118857078591663,32.5106439404933,0.9487645239385214,0.9199987333671352,800,high,True,5406

7,DLTR,DLTR,Dollar Tree,Consumer Staples,2026-06-30,121.30999946594238,2026-06-17,108.0525016784668,8,0.7103354737648633,low_beta,68.44949042929962,neutral,short_8_14,34.422264995877036,21.708564850363302,30.890026767106278,51.902870967912534,131.50914907777664,141.42994836947315,164.13485220224294,8.407509402963642,16.585565074690667,35.30199730016781,0.9504732184012739,0.9348834497261276,800,medium,False,5406

8,RCL,RCL,Royal Caribbean Group,Consumer Discretionary,2026-06-30,318.1199951171875,2026-06-23,297.92250061035156,5,2.2336600108403255,high_beta,72.61897995230444,overbought,very_short_4_7,33.49463847486257,15.268282976190395,29.540124657542883,57.656362606072975,343.4101510532826,385.9291786735184,469.6937778473358,7.949879392767767,21.315599332683142,47.64673238295263,0.978677012855376,0.9605046388744082,800,medium,False,5406

9,NRG,NRG,NRG Energy,Utilities,2026-06-30,147.78999710083008,2026-06-11,122.39249992370605,12,1.3958909215740467,high_beta,87.52072985729157,overbought,short_8_14,41.45591516818968,30.256918745043915,38.064671734922875,55.50674068331263,159.42469917564975,168.9808032478305,190.32858747218117,7.872455716256543,14.338457651192016,28.783132286232505,0.9254365831006279,0.9103425084338951,800,medium,False,5406

10,VRTX,VRTX,Vertex Pharmaceuticals,Health Care,2026-06-30,496.9574966430664,2026-06-03,424.4975051879883,18,0.4992763803274235,low_beta,99.67117276740386,overbought,medium_15_28,35.899734613661956,25.897557826872298,33.74943156399889,45.78061313149423,534.4319920676778,567.763000192291,618.8350657909458,7.540784811125811,14.247798660350973,24.52474708021488,0.9004114992590249,0.8988753545999115,800,medium,False,5405

11,BBY,BBY,Best Buy,Consumer Discretionary,2026-06-30,76.11999893188477,2026-06-17,73.4969438332521,8,0.4512758570752766,low_beta,55.19117075902488,neutral,short_8_14,21.506396614189434,10.30002678442649,19.070835709693235,36.345049409454674,81.06714873381196,87.51342524333712,100.20944438388672,6.499145916113447,14.967717382192358,31.646670769869758,0.9565897698279058,0.945787429710469,800,high,True,5406

12,MOS,MOS,Mosaic Company (The),Materials,2026-06-30,21.37750005722046,2026-06-24,21.03000020980835,4,0.4394582194318588,low_beta,54.65622484915371,neutral,very_short_4_7,25.083208856559295,7.7551604296536745,21.636878898272748,45.50265035648334,22.660910464435492,25.580235887511087,30.599207675245157,6.003557028556994,19.65962258936407,43.137446349391894,0.9760803257295918,0.9479089287888545,800,medium,False,5406

13,BLDR,BLDR,Builders FirstSource,Industrials,2026-06-30,90.00000190734863,2026-06-08,72.79750061035156,15,1.6631058957646112,high_beta,80.838595238732,overbought,medium_15_28,40.70419298825356,31.00599273116029,38.496743476266616,56.50831162865136,95.36908835806354,100.82216767745223,113.9341391131184,5.965651485476808,12.024628378613356,26.593485220599213,0.8994125811697965,0.8989738945335749,800,medium,False,5284

14,ALLE,ALLE,Allegion,Industrials,2026-06-30,140.22750091552734,2026-05-19,126.70517981108608,28,0.5531955965911404,low_beta,73.33499873973756,overbought,medium_15_28,26.099783511301005,17.19513294015301,24.77317635461838,37.938256628943904,148.49230392166223,158.09407745612276,174.77491608998074,5.89385316872586,12.741135956889217,24.636690341693136,0.9008565516347976,0.8999385856318786,800,medium,False,3171

15,SJM,SJM,J.M. Smucker Company (The),Consumer Staples,2026-06-30,113.83250045776367,2026-06-22,108.62750053405762,6,-0.24134770889796978,low_beta,47.1163889828403,neutral,very_short_4_7,23.11162290101285,10.950851953779022,20.819788011398323,37.84837587033601,120.52313729863279,131.243515867329,149.74124523473898,5.877615631707589,15.295293821666945,31.54524817830815,0.9745646022024299,0.9588926006874078,800,medium,False,5406

16,WST,WST,West Pharmaceutical Services,Health Care,2026-06-30,356.0999984741211,2026-05-15,300.3350067138672,30,0.6125683353195084,low_beta,83.33111147499537,overbought,long_29_plus,37.58653892757016,25.343577691918497,34.34341003100639,49.563639727651776,376.4506424764248,403.48028953626124,449.19196741754706,5.71486775891763,13.305333126976526,26.142086307869295,0.8995957935112259,0.8990632121763118,800,medium,False,5406

17,SHW,SHW,Sherwin-Williams,Materials,2026-06-30,343.2899932861328,2026-06-02,292.60499572753906,19,0.842795474158157,market_beta,88.24459143517772,overbought,medium_15_28,34.43103434773654,24.02543733885925,31.26392382061602,42.755864203402325,362.90462562643074,384.0847986871137,417.71079035317683,5.713720971746783,11.883482244988809,21.6786968809237,0.9002208199548354,0.900291444842184,800,high,True,5406

18,AMCR,AMCR,Amcor,Materials,2026-06-30,43.25999927520752,2026-05-19,36.29538624495637,28,1.251871518621754,high_beta,82.07104848961492,overbought,medium_15_28,35.49471790806942,25.819585474369042,33.99116530552886,48.63587696639425,45.666704519725265,48.63261098175967,53.94796564353093,5.563350173001602,12.419352280551731,24.70634893063608,0.9003501628159842,0.8992823649417025,800,medium,False,2180

19,LUV,LUV,Southwest Airlines,Industrials,2026-06-30,51.242499351501465,2026-06-08,41.13039100391557,15,1.9030675169369313,high_beta,92.0320204715363,overbought,medium_15_28,41.111585468374834,31.481010893961617,40.374935534736274,54.79778861813842,54.07865387658724,57.73675985693145,63.668935724055046,5.534770085336738,12.67358264647116,24.25025424172538,0.8995486292244897,0.8998515716685481,800,high,True,5406

20,PHM,PHM,PulteGroup,Consumer Discretionary,2026-06-30,137.24250030517578,2026-05-19,110.18628714224458,28,0.8126596003093154,market_beta,93.88425526086064,overbought,medium_15_28,40.713159436982004,31.39575213688208,38.86162375184764,53.7080732193038,144.78010074225685,153.00646747759413,169.36521891823364,5.492176563615692,11.486213918695153,23.405809819574095,0.8997197144027171,0.8996679802311068,800,high,True,5406

21,CNC,CNC,Centene Corporation,Health Care,2026-06-30,64.31500053405762,2026-06-17,61.107500076293945,8,0.2011025198305176,low_beta,44.49978737687826,neutral,short_8_14,23.446948461159174,10.548039905669452,20.672633768083557,41.10953388216632,67.55314356969842,73.74002977189757,86.22850852470282,5.034817707769523,14.654480540428484,34.07215705306732,0.9491438716360218,0.9225944796108326,800,medium,False,5405

22,LII,LII,Lennox International,Industrials,2026-06-30,575.3974914550781,2026-05-21,482.7630187320438,26,1.223638363829303,market_beta,77.47774174404681,overbought,medium_15_28,34.35834923107489,25.033286760219433,33.50961272114208,46.90100550623998,603.6144695835281,644.5350366700462,709.18372872965,4.903910522288557,12.015614638870176,23.2510984599968,0.8997657385537685,0.899601208517963,800,medium,False,5406

23,CRWD,CRWD,CrowdStrike,Information Technology,2026-06-26,691.4350128173828,2026-06-10,646.2125091552734,11,1.217883227910038,market_beta,61.93662100314586,neutral,short_8_14,23.992320407595713,11.88818938136012,20.417759485632487,40.21457146516149,723.0354760496914,778.1546250406681,906.0841004663341,4.570272353369331,12.541975835144626,31.0440003282916,0.9232386705375543,0.9064102541439528,800,medium,False,1770

24,UAL,UAL,United Airlines Holdings,Industrials,2026-06-30,136.3900032043457,2026-06-10,104.64500045776367,13,2.710755796112885,high_beta,90.44980576052427,overbought,short_8_14,47.79643768512174,36.27026592650893,44.066495961285426,61.8955200895482,142.60002040259104,150.7583853581712,169.41556773880657,4.553132232822965,10.534776608442598,24.21406537030464,0.9116827720115659,0.9053182391506799,800,medium,False,5131

25,PANW,PANW,Palo Alto Networks,Information Technology,2026-06-30,334.5999984741211,2026-06-10,260.7949981689453,13,1.093794172845558,market_beta,97.74243088706015,overbought,short_8_14,45.351008299200764,33.838416560326884,41.66641563894931,59.73914794219898,349.04389601784993,369.4589260716083,416.5917079509466,4.316765573699177,10.418089586507651,24.504396249471895,0.9118675434686386,0.9040186107090393,800,medium,False,3505

26,REGN,REGN,Regeneron Pharmaceuticals,Health Care,2026-06-30,627.7099914550781,2026-06-02,598.8975067138672,19,0.4443338471587808,low_beta,69.13607164288845,neutral,medium_15_28,19.499597804329568,9.29266785637462,17.518110886847204,30.147242536704454,654.5510628128957,703.8130360385657,779.4485906091727,4.276030607000214,12.123917990707,24.173360504004936,0.9006600551031563,0.9000101142988242,800,medium,False,5406

27,ROK,ROK,Rockwell Automation,Industrials,2026-06-30,490.90999603271484,2026-05-19,425.7149963378906,28,1.695219263024064,high_beta,72.30481995256334,overbought,medium_15_28,30.513227246296495,20.229685100760488,27.61641240849078,39.5744493556248,511.83579952375993,543.2822054113539,594.1893619629291,4.262655814743388,10.668393351507333,21.03835056626786,0.8998744498125334,0.8992900215768811,800,high,True,5406

28,HUM,HUM,Humana,Health Care,2026-06-30,392.80499267578125,2026-06-24,359.7163364210205,4,0.3011623890425738,low_beta,75.29427716205942,overbought,very_short_4_7,31.628153239767784,13.689389919595875,26.98428134088939,49.59339458921865,408.9593083181793,456.78320467000884,538.1118785441785,4.112553542752884,16.287525155525408,36.99211786453351,0.9718302070377752,0.9539948844133864,800,medium,False,5406

29,IRM,IRM,Iron Mountain,Real Estate,2026-06-30,127.11749839782715,2026-05-19,122.52482547819372,28,0.9010121305326574,market_beta,59.848546543960765,neutral,medium_15_28,16.59703272658976,7.998501963623733,16.32707762341801,30.662770181578793,132.32497604999358,142.52954884197584,160.09433112995276,4.096586007277381,12.124255620508762,25.942008887652324,0.8998116961257422,0.8989997973786041,800,medium,False,5406

30,SYK,SYK,Stryker Corporation,Health Care,2026-06-30,319.90999603271484,2026-06-02,293.6809801837289,19,0.20882282863947527,low_beta,58.782559143755456,neutral,medium_15_28,22.261721740607022,13.343912798457568,21.60921117333975,34.09110948609629,332.8695140851011,357.14312336756495,393.8000846780046,4.050988782188902,11.638625799939861,23.097149061179568,0.9000827200564322,0.900475227214568,800,high,True,5406

31,URI,URI,United Rentals,Industrials,2026-06-30,1130.5050048828125,2026-05-21,930.0349884033203,26,1.0304945071125577,market_beta,65.1271219798166,neutral,medium_15_28,36.312145919063475,26.446465033608558,35.43536098484509,50.537728639079134,1175.99636641173,1259.596243829399,1400.0535470910813,4.023985858747525,11.418900260416631,23.843197601430344,0.8999916942206373,0.8991638361203348,800,medium,False,5406

32,KMI,KMI,Kinder Morgan,Energy,2026-06-30,32.2524995803833,2026-06-01,31.019999980926514,20,-0.5134748362534127,low_beta,58.05020352552183,neutral,medium_15_28,13.911173454486729,8.15257942028057,15.023708610976248,22.686430838390883,33.54893011554257,35.6803543891858,38.05733082266827,4.0196280971282805,10.628183407178149,17.998081754307194,0.9000436503652353,0.8992331488000649,800,medium,False,3867

33,FAST,FAST,Fastenal,Industrials,2026-06-30,47.71000003814697,2026-05-12,43.392499923706055,33,0.4953818879956306,low_beta,64.1298506665768,neutral,long_29_plus,25.043560584408297,14.345987595727166,21.24687225303218,30.637458826386755,49.61758258023684,52.61204894989296,56.6868592215714,3.9982866077649115,10.274678071319453,18.815466728666742,0.8998874943256348,0.8997884593758259,800,medium,False,5406

34,AMGN,AMGN,Amgen,Health Care,2026-06-30,360.97999572753906,2026-05-04,322.2143139696639,39,0.33252482285438395,low_beta,68.59608922567635,neutral,long_29_plus,29.017213284554472,16.404653699028962,24.859264271284395,36.53183103318455,375.0724563450892,402.3144217992887,439.9251027137963,3.903945034169398,11.450614039828434,21.869662563197423,0.8997832059533754,0.8995784337049922,800,high,True,5406

35,EW,EW,Edwards Lifesciences,Health Care,2026-06-30,90.92000007629395,2026-05-11,78.36999893188477,34,0.6350935245129563,low_beta,69.2876279560781,neutral,long_29_plus,32.16192343953741,20.114631961411767,28.42180819097257,39.39070514115768,94.13383578519571,100.6441697075723,109.24049413027191,3.5347951014132573,10.69530314905245,20.150125427413812,0.9003313854180421,0.8999281838062998,800,medium,False,5406

36,GEHC,GEHC,GE HealthCare,Health Care,2026-06-30,64.21625137329102,2026-06-22,60.88749980926514,6,0.8268566362502352,market_beta,47.41188721188182,neutral,very_short_4_7,23.720286499973398,9.04337817365612,20.649969757581268,38.232693800037936,66.39378667750114,73.46075010602574,84.16643117384015,3.3909411677614854,14.395886609755792,31.067182175705234,0.9691108625041038,0.9466021725431402,800,low,False,886

37,BAX,BAX,Baxter International,Health Care,2026-06-30,21.737499713897705,2026-06-23,19.797500133514404,5,1.2074591671910213,market_beta,67.1893118493403,neutral,very_short_4_7,28.885364482148994,13.488048168203386,24.721517652018974,48.93187938116164,22.46779648762296,24.691742623679648,29.484789019330986,3.3596171746391956,13.59053685412206,35.64020428936503,0.9784530226036773,0.9600476231583875,800,high,True,5406

38,SWK,SWK,Stanley Black & Decker,Industrials,2026-06-30,94.07250213623047,2026-05-19,73.17533160769244,28,1.5377499924118307,high_beta,82.82434088461953,overbought,medium_15_28,42.120709024660236,32.681552080835274,41.176961575824286,55.96467688346765,97.09016571738437,103.30670978677396,114.12766950034349,3.20780622671637,9.81605404432746,21.31884122213552,0.9003058229313428,0.8993403634061724,800,high,True,5406

39,MAS,MAS,Masco,Industrials,2026-06-30,81.01749992370605,2026-05-19,64.13540403013418,28,1.1884423530991743,market_beta,86.63040651674538,overbought,medium_15_28,39.548689581894756,30.012016906712216,38.66461876569467,53.82874207986332,83.38373233084624,88.93311349222354,98.65868524739338,2.920643576225457,9.770251582647704,21.774536785632705,0.9003312668085205,0.8996769092748207,800,high,True,5406

40,PKG,PKG,Packaging Corporation of America,Materials,2026-06-30,237.5724983215332,2026-05-19,205.0062167032776,28,0.7572016754156199,market_beta,79.64244252538758,overbought,medium_15_28,28.116445518681836,19.22926335646973,27.14889617763017,40.86942199560504,244.42740201028587,260.66314163373795,288.79107252496465,2.8853944531387565,9.719409222591757,21.55913439699222,0.9010088914495539,0.8994292431384163,800,medium,False,5406

41,CAT,CAT,Caterpillar Inc.,Industrials,2026-06-30,1055.1424865722656,2026-06-10,879.6574859619141,13,1.771940679195123,high_beta,81.2813018104207,overbought,short_8_14,34.4350681392689,23.399142786316027,31.69411084937087,47.23447362408325,1085.4897971326602,1158.457104657472,1295.1590691508682,2.876133882067511,9.791532366480094,22.74731475919618,0.9126997314125822,0.9082949902543945,800,high,True,5406

42,XYL,XYL,Xylem Inc.,Industrials,2026-06-30,117.76499938964844,2026-05-20,106.60452463054014,27,0.7899288716197669,market_beta,80.2390503428865,overbought,medium_15_28,22.85143376239718,13.588767262770054,21.315600822949033,34.987057598788574,121.09076537416662,129.32791955998846,143.90231106594197,2.824069971345433,9.818639010120368,22.194465088742653,0.9004475462381539,0.9001374009999905,800,medium,False,3698

43,ES,ES,Eversource Energy,Utilities,2026-06-30,72.8075008392334,2026-05-08,66.40423619332161,35,-0.0030053431430578786,low_beta,70.21658362061473,overbought,long_29_plus,22.657906775147964,12.707652125262582,19.227557639400363,27.359719583575526,74.84265552520662,79.17214898239608,84.57224900742956,2.7952541462274105,8.741747855370697,16.15870347503612,0.9003894510608456,0.8996178590325461,800,medium,False,5406

44,DAL,DAL,Delta Air Lines,Industrials,2026-06-30,93.52750205993652,2026-06-10,77.99499893188477,13,2.0479099965858034,high_beta,87.99070775896342,overbought,short_8_14,34.09671330192436,23.216700472883577,30.94379589922148,48.41857430578606,96.10286421772919,102.12961221296717,115.75906544451644,2.7535880902092913,9.19741248677639,23.77008141448378,0.9115085084338083,0.9051814748898527,800,medium,False,4820

45,HST,HST,Host Hotels & Resorts,Real Estate,2026-06-30,23.84749984741211,2026-03-13,17.8196543088963,74,0.825501114830979,market_beta,62.733540113040334,neutral,long_29_plus,51.96640120328731,37.358721429442255,46.84826771413919,60.50121003014287,24.476849321846473,26.16785366526218,28.600760788967058,2.6390585112118448,9.729966800280199,19.93190469428083,0.8999038505893243,0.8993805969608571,800,medium,False,5406

46,AOS,AOS,A. O. Smith,Industrials,2026-06-30,62.23750019073486,2026-05-20,55.59000015258789,27,0.6311763767088165,low_beta,70.04967407227852,overbought,medium_15_28,25.199456637717304,14.908584930531601,22.53435455147746,34.40038096449613,63.877682538219105,68.1168478821389,74.7131719832421,2.6353602610286186,9.446632132373601,20.045264919500205,0.8998383600483693,0.8996029396670037,800,medium,False,5406

47,TPL,TPL,Texas Pacific Land Corporation,Energy,2026-06-30,431.21500396728516,2026-06-18,355.1699981689453,7,-0.2783398904165671,low_beta,74.52573072429232,overbought,very_short_4_7,39.552691942784065,24.59749190428177,35.51190602060886,53.92548315617735,442.5329097149894,481.2976341320994,546.6971357073353,2.6246549038360545,11.614306019976484,26.780638585760208,0.9550943955643277,0.9417199003357777,800,medium,False,5402

48,PODD,PODD,Insulet Corporation,Health Care,2026-06-30,154.4025001525879,2026-06-22,141.74749755859375,6,0.23020616758318524,low_beta,48.99456737488742,neutral,very_short_4_7,28.016812085464835,11.78239551336424,24.899092501902956,42.78418538146518,158.44874835124358,177.04133809484065,202.39300968765033,2.6205846373323016,14.662222386217838,31.081432935111764,0.978221905774603,0.9436984133328769,800,medium,False,4812

49,DG,DG,Dollar General,Consumer Staples,2026-06-30,115.2549991607666,2026-06-17,110.78750228881836,8,0.7034062313274018,low_beta,61.22233214721548,neutral,short_8_14,18.54752413702269,6.685670003845617,15.948178025769316,31.455500714233978,118.19438909735166,128.45609038414236,145.6362658625596,2.550336174559309,11.453812259337969,26.360042447629418,0.9615206951063184,0.9360957349971297,800,medium,False,4180

50,ERIE,ERIE,Erie Indemnity,Financials,2026-06-30,237.80499649047852,2026-06-22,216.9124984741211,6,-0.32380717393650166,low_beta,58.792981599506575,neutral,very_short_4_7,26.563001188218564,12.368320287127464,23.796963134254867,37.911872482888846,243.74093102821087,268.5310857695988,299.14808829507814,2.496135331609839,12.920708030771145,25.795543705935444,0.9699141105463125,0.952729929911934,800,medium,False,5405

51,AXON,AXON,Axon Enterprise,Industrials,2026-06-30,541.0625,2026-06-22,412.4749984741211,6,1.5378557326790148,high_beta,76.2731048366185,overbought,very_short_4_7,52.79493649422569,34.428840900142745,48.19209546562377,71.9767938830416,554.4853594516425,611.2553435105997,709.3612779449181,2.4808334437597335,12.973148852600147,31.105237924439066,0.966791449308238,0.9420837724883205,800,medium,False,5406

52,DE,DE,Deere & Company,Industrials,2026-06-30,628.5924987792969,2026-06-11,563.2151457179988,12,0.5338139988378667,low_beta,90.32185492821618,overbought,short_8_14,23.47767450440169,14.313800290847432,21.435304747156685,36.91756758340156,643.8326368838785,683.9420285847945,771.1404777783946,2.424486155049177,8.80531185354332,22.677327406216353,0.9156508863022715,0.9194081502358621,800,high,True,5406

53,MO,MO,Altria,Consumer Staples,2026-06-30,72.75749778747559,2026-06-02,67.83306522042818,19,-0.530405868761454,low_beta,56.182817534249196,neutral,medium_15_28,15.484816352367574,9.731319358905319,16.465223255156964,23.583732085981026,74.43411742796258,79.00193084978791,83.83063358772274,2.3043943118884913,8.582528608326111,15.219236693092109,0.9001928501796526,0.8991887359316816,800,high,True,5406

54,AES,AES,AES Corporation,Utilities,2026-06-30,14.642499923706055,2026-03-26,13.864054643668368,65,0.33443347068531976,low_beta,48.749976158233046,neutral,long_29_plus,21.499598031135484,8.016838260691996,18.761650846775574,36.06974281677668,14.975513480825219,16.465180169119602,18.864783497616934,2.2742944091125983,12.44787607929332,28.835810796727724,0.9002534299755066,0.8999721414870185,800,high,True,5406

55,ESS,ESS,Essex Property Trust,Real Estate,2026-06-30,291.1324920654297,2026-03-27,236.99506334186998,64,0.2220257226161484,low_beta,62.453312851736385,neutral,long_29_plus,38.77223366579041,25.543848237761,33.927657873961074,44.63791884979772,297.5327226529028,317.401937610677,342.78472739444055,2.1983910287947994,9.023192622327937,17.741831206323223,0.9008789707837935,0.8991823872227586,800,medium,False,5406

56,FITB,FITB,Fifth Third Bancorp,Financials,2026-06-30,56.28499984741211,2026-05-15,47.09338522139619,30,0.8125937594821633,market_beta,78.57748448274023,overbought,long_29_plus,34.54089231938888,22.073066555694517,31.47789514142356,48.08936896062376,57.48833948464458,61.917391639933946,69.74029699656126,2.1379401980895496,10.006914467071471,23.905653701032747,0.9003820145545764,0.8996925237708058,800,high,True,5406

57,PH,PH,Parker Hannifin,Industrials,2026-06-30,975.0724945068359,2026-06-01,829.8699951171875,20,0.9702836287349148,market_beta,78.69502399458588,overbought,medium_15_28,29.99097146877873,19.995380461965368,26.781500854913624,42.168137399575066,995.8056579805625,1052.1216349541687,1179.81071489605,2.126320205987642,7.901888411517755,20.99723062055656,0.9006287474590605,0.8991713007726212,800,high,True,5406

58,MMM,MMM,3M,Industrials,2026-06-30,162.94000244140625,2026-05-04,141.53302426937972,39,0.8600590468216746,market_beta,69.75820388032096,neutral,long_29_plus,29.298226925091257,17.47640702958202,25.584487215635555,36.383812522453844,166.26791167197362,177.74352276948156,193.02813447690994,2.0424138828426086,9.085258442535427,18.465773649612814,0.8999841874801259,0.8997036668451436,800,high,True,5406

59,ECL,ECL,Ecolab,Materials,2026-06-30,278.8074951171875,2026-05-19,245.0571196005672,28,0.6320554125844562,low_beta,80.37628263434632,overbought,medium_15_28,25.26703318322894,16.095320973052303,23.962060247132026,33.69299060707923,284.49984956759516,303.7778542391415,327.6241918895652,2.041679133487806,8.95612907086969,17.5091048939912,0.9003107266031911,0.8995289442640775,800,high,True,5406

60,APH,APH,Amphenol,Information Technology,2026-06-30,172.29000091552734,2026-06-05,141.09463019535752,16,1.8705676152548671,high_beta,73.89682430373165,overbought,medium_15_28,34.37744648462624,24.598692168869828,33.568810118583066,47.96462343264376,175.80206394391877,188.45841869315404,208.77013825224205,2.038460160037592,9.384420274949079,21.173682246714186,0.9005019937027547,0.8991134789874119,800,medium,False,5406

61,ARE,ARE,Alexandria Real Estate Equities,Real Estate,2026-06-30,53.59499931335449,2026-06-17,49.75955741093176,8,1.07430235347978,market_beta,58.425808202023894,neutral,short_8_14,22.1635580940992,9.812993826041199,19.230386474514237,38.15199401565779,54.64245970753192,59.32851260906174,68.74382077656824,1.9543994917384566,10.697851234562105,28.26536366694019,0.9613732144252631,0.944671542431183,800,medium,False,5406

62,COO,COO,Cooper Companies (The),Health Care,2026-06-30,71.37249946594238,2026-05-13,59.577500343322754,32,0.46158640057316336,low_beta,66.19225969443164,neutral,long_29_plus,35.13466331703553,22.101541009312903,31.516682807655215,43.026288426608296,72.74504601402576,78.35435215125749,85.21148747840435,1.923074795409585,9.782272916821011,19.389804358842255,0.8998196152503601,0.8991427580332351,800,medium,False,5406

63,CINF,CINF,Cincinnati Financial,Financials,2026-06-30,185.7249984741211,2026-06-01,155.96773039175832,20,0.08286270385080144,low_beta,98.14600875481305,overbought,medium_15_28,30.793006033894365,21.361578419912284,29.255980283792873,38.401071058162145,189.28489942915115,201.59761884425038,215.8610093673002,1.9167591785044902,8.546302598215384,16.226146798099595,0.9002777250033785,0.9000028335914884,800,high,True,5406

64,CTVA,CTVA,Corteva,Materials,2026-06-30,84.02000045776367,2026-06-10,75.06475067138672,13,0.08039253037022225,low_beta,100.0,overbought,short_8_14,23.125162564282057,13.902598992014717,21.089252376887973,34.39126658889627,85.50070194158529,90.89534538655717,100.88046918907362,1.7623202520285153,8.182986064430796,20.06720856873312,0.908392341555139,0.9054951454929738,800,medium,False,1784

65,HBAN,HBAN,Huntington Bancshares,Financials,2026-06-30,17.759999752044678,2026-05-15,15.272093055498793,30,0.7270230953103137,low_beta,75.42290496515429,overbought,long_29_plus,29.87784311516164,18.285831174446166,26.316359376523536,40.0827518189218,18.064722208431622,19.291151948300946,21.393568212489164,1.7157796207281084,8.621352576764485,20.459282157513314,0.9002347029359414,0.8997089205714385,800,high,True,5406

66,CARR,CARR,Carrier Global,Industrials,2026-06-30,73.79500007629395,2026-05-21,62.076250076293945,26,1.0584585158316488,market_beta,64.40111801308814,neutral,medium_15_28,30.164407983045507,20.878880648460942,29.539561595661702,43.17948446854493,75.03707624076351,80.41330220385778,88.88045483664239,1.6831440655673546,8.968496674193949,20.442380574228803,0.9001053238758822,0.8992555493372397,800,medium,False,1578

67,WELL,WELL,Welltower,Real Estate,2026-06-30,227.12750244140625,2026-06-02,196.43250274658203,19,0.11648273960669542,low_beta,77.04722166213872,overbought,medium_15_28,26.372127754019687,17.491205884219774,25.373682279395748,37.9085067479335,230.79091622551235,246.27466188696505,270.89713130540474,1.6129327116830128,8.430136922981536,19.270950630600115,0.8997614887085353,0.8995823135255094,800,medium,False,5406

68,SW,SW,Smurfit Westrock,Materials,2026-06-30,45.58749961853027,2026-06-10,39.83000087738037,13,1.508358296802308,high_beta,78.1871074777757,overbought,short_8_14,27.155487903057733,16.274998277108413,24.015452817850246,41.91212270989314,46.31233283394629,49.395355945437,56.52359972045954,1.589982388771749,8.352851897494551,23.9892518638684,0.9136750966058369,0.9067536653172179,800,medium,False,1765

69,NTRS,NTRS,Northern Trust,Financials,2026-06-30,174.99500274658203,2026-05-08,159.73565752220028,35,1.1303153822262686,market_beta,74.09086265967639,overbought,long_29_plus,24.58256288095327,11.259493670870693,20.32444616458273,29.947001146011385,177.72108377103612,192.20104524094214,207.57169671096244,1.5578050696692491,9.832305051177336,18.61578528134096,0.900414992979798,0.9002096483209618,800,high,True,5406

70,KDP,KDP,Keurig Dr Pepper,Consumer Staples,2026-06-30,33.10499954223633,2026-04-06,25.195533982272195,59,-0.022156337218119156,low_beta,63.17136401286164,neutral,long_29_plus,47.04400397649245,33.367274429602574,42.51529517906009,54.21514576024013,33.60259695014073,35.907489626775615,38.8553294558319,1.503088399894259,8.465458762395661,17.369974303304648,0.899593859222832,0.8992098972702464,800,medium,False,4565

71,DOC,DOC,Healthpeak Properties,Real Estate,2026-06-30,21.52500009536743,2026-06-18,19.59999990463257,7,0.3402161393264637,low_beta,66.05825521220689,neutral,very_short_4_7,24.790803484995322,11.422648880783576,21.30283313392024,39.95866603902309,21.83883907437266,23.77535517856497,27.43189841017354,1.4580208019268515,10.454611257733992,27.44203618413632,0.9638604631711941,0.9499667042528703,800,medium,False,5405

72,TER,TER,Teradyne,Information Technology,2026-06-30,474.8125,2026-06-23,416.93250274658203,5,3.326537546895681,high_beta,75.15382011502638,overbought,very_short_4_7,34.541159606669794,15.526731413444281,29.471220046923452,57.191142756399174,481.66849262339497,539.8075980781724,655.3809655902077,1.4439368431528266,13.68858193037723,38.02942542376362,0.9705799080601075,0.951651820873098,800,medium,False,5406

73,DHR,DHR,Danaher Corporation,Health Care,2026-06-30,191.81500244140625,2026-06-18,175.9973802111271,7,0.6748504080434657,low_beta,60.44190625270083,neutral,very_short_4_7,24.06343806909841,10.486050126778743,20.87930769256668,38.38916489460635,194.45255372188328,212.74441475626477,243.56130471056397,1.3750495252751183,10.91124888484769,26.977192404418247,0.9610681091726523,0.9465989593978913,800,high,True,5406

74,LRCX,LRCX,Lam Research,Information Technology,2026-06-30,425.5325012207031,2026-06-24,370.01499938964844,4,3.082815640466197,high_beta,73.23507315994384,overbought,very_short_4_7,35.53613316221946,16.559047663364886,30.537460203244926,58.16765810948239,431.2859595001796,483.00818257429927,585.2440591884225,1.3520608327147299,13.50676650754492,37.53216440802127,0.9707153582990579,0.9471241850089926,800,medium,False,5406

75,INCY,INCY,Incyte,Health Care,2026-06-30,114.15500068664551,2026-06-18,98.37750053405762,7,0.32762591920777173,low_beta,64.74491498656505,neutral,very_short_4_7,32.06768768754646,17.59265270693157,28.882638014774535,48.949933872183564,115.68471254477413,126.79151790129237,146.53322199058584,1.3400305277275315,11.069613366596176,28.36338409109056,0.9623937529816076,0.9416894848769205,800,medium,False,5406

76,PNC,PNC,PNC Financial Services,Financials,2026-06-30,246.10750198364258,2026-05-13,212.1974983215332,32,0.603886444037164,low_beta,82.54167647906908,overbought,long_29_plus,28.9425196213016,17.516592497718783,25.238537317616817,37.95997989822028,249.36726939286982,265.75304312246266,292.74762602891354,1.3245298834668962,7.982503979145594,18.951118380930488,0.9002526587913431,0.8993918390278224,800,high,True,5406

77,PCG,PCG,PG&E Corporation,Utilities,2026-06-30,16.964999675750732,2026-05-18,15.901248207541169,29,-0.05595560032726604,low_beta,57.33835434482144,neutral,long_29_plus,16.80585660104147,8.000028763940836,13.974788999753034,23.08932792718518,17.17335263797009,18.12341409287206,19.572739550696006,1.2281341951168478,6.8282607678273655,15.371293396914698,0.9002098203990007,0.8995760390709293,800,medium,False,5406

78,BIIB,BIIB,Biogen,Health Care,2026-06-30,216.1599998474121,2026-05-21,188.24750137329102,26,0.38502856944553093,low_beta,85.14548930011955,overbought,medium_15_28,24.5370550351194,16.199433727386232,24.142198166235733,37.50366054806718,218.7425306017178,233.69458619781827,258.8472052785482,1.1947311047967757,8.111855275159074,19.747966997256228,0.8997746320955061,0.8997911689482533,800,high,True,5404

79,HD,HD,Home Depot (The),Consumer Discretionary,2026-06-30,351.04249572753906,2026-05-19,294.4414897247282,28,0.8366182348885295,market_beta,79.30849398398712,overbought,medium_15_28,30.103633989510705,20.634456152613623,27.534030680016002,39.72844840737797,355.19788981707967,375.51309984023106,411.418525059932,1.1837296453036217,6.970838120888012,17.19906565934788,0.9001297042754884,0.899357630855117,800,high,True,5406

80,BEN,BEN,Franklin Resources,Financials,2026-06-30,33.30749988555908,2026-06-03,29.99396654601837,18,1.3099304805303973,high_beta,78.15476869079488,overbought,medium_15_28,21.038027777233964,12.361200715656745,20.777122498542553,35.00383153465407,33.701580953358636,36.225849717456484,40.49300406634714,1.1831601565820637,8.761839951736183,21.573231871130115,0.9005364669672874,0.8983384004153093,800,high,True,5406

81,PNR,PNR,Pentair,Industrials,2026-06-30,76.52750015258789,2026-06-01,70.66500091552734,20,1.0002052304563245,market_beta,68.3516423324006,neutral,medium_15_28,19.669044413889793,9.539300741419563,17.185531165516004,31.718357081495725,77.40594787178638,82.80915667097746,93.07877823755653,1.147885031455309,8.208364974505367,21.627882855139813,0.9002015270267006,0.8995338464136223,800,medium,False,5406

82,KMB,KMB,Kimberly-Clark,Consumer Staples,2026-06-30,109.49999809265137,2026-06-04,93.72761628747705,17,0.061346000992667224,low_beta,80.80621062300492,overbought,medium_15_28,25.750969317237413,18.14066271768624,25.71427484108537,33.26246072059664,110.73042703151542,117.82899314163679,124.90372783945064,1.1236794157959196,7.6063883050828895,14.06733334713457,0.8997643894740551,0.9001683329830049,800,high,True,5406

83,BXP,BXP,"BXP, Inc.",Real Estate,2026-06-30,66.14000129699707,2026-03-09,50.608433987807864,78,0.7626431720491552,market_beta,55.156679467930815,neutral,long_29_plus,46.84692943564747,32.11430739718375,42.89466988092691,61.3366415543667,66.86098204755329,72.31675467878486,81.64994773918787,1.0900827584183315,9.338907258334505,23.450175594258702,0.899595301941711,0.8988895474152028,800,medium,False,5406

84,MTB,MTB,M&T Bank,Financials,2026-06-30,238.08749771118164,2026-05-15,203.68386625105867,30,0.6254221301605567,low_beta,80.46505805796251,overbought,long_29_plus,30.315799009985746,18.164656070065302,26.419195023174197,37.475738508816235,240.6823400257753,257.49550410666717,280.01589935195244,1.089869203355387,8.151627692365814,17.610501199703133,0.8996508245011929,0.9004443731252579,800,high,True,5406

85,PRU,PRU,Prudential Financial,Financials,2026-06-30,108.41749954223633,2026-04-22,92.76813892385894,47,0.8022163504906862,market_beta,67.23454775752728,neutral,long_29_plus,31.37216860944511,18.1008802399787,27.345373965916625,40.15413504479784,109.5599886513237,118.13593343380924,130.01838270589093,1.0537866247711136,8.96389783255136,19.92379759250906,0.8998727823674818,0.8997932648667574,800,high,True,5406

86,RSG,RSG,Republic Services,Industrials,2026-06-30,213.46499633789062,2026-06-02,200.39249801635742,19,-0.5148650900869988,low_beta,53.528250915779786,neutral,medium_15_28,13.740287939118616,7.5880673696106316,14.704192966761807,21.191998752435907,215.5984157694843,229.85859761559698,242.85967369595906,0.9994235439972021,7.679760878339592,13.770256417843818,0.9000971052047355,0.9000080165714002,800,medium,False,5406

87,HSIC,HSIC,Henry Schein,Health Care,2026-06-30,83.85249900817871,2026-05-12,69.46249961853027,33,0.48884800086002744,low_beta,71.5820639701267,overbought,long_29_plus,33.011150262630395,21.912544632777117,29.476456762419595,39.673030126311644,84.68350085048336,89.93758328468222,97.0203780186789,0.9910281173893143,7.256890788561932,15.70362143794406,0.8995807386328446,0.8990649150421953,800,medium,False,5406

88,MKC,MKC,McCormick & Company,Consumer Staples,2026-06-30,50.92249870300293,2026-06-22,46.2475004196167,6,-0.21662024077355094,low_beta,58.83911090171115,neutral,very_short_4_7,27.195449201368717,11.137609397644077,23.749841292219088,41.09063081916918,51.39836637252741,57.231208370894024,65.25089008013511,0.9344939499137839,12.388845458439901,28.13764395321634,0.9653694456797003,0.9436488830398927,800,high,True,5406

89,EIX,EIX,Edison International,Utilities,2026-06-30,74.85499954223633,2026-04-29,67.36000061035156,42,0.13152830381008182,low_beta,70.96882286658784,overbought,long_29_plus,22.02846970081837,12.156140178119582,18.494562990630715,26.369027208116545,75.54837670852811,79.81793835372225,85.12217749868265,0.9262937285846151,6.630069924301618,13.716088463340581,0.8993166349698948,0.8997090905885419,800,high,True,5406

90,AEP,AEP,American Electric Power,Utilities,2026-06-30,136.98749923706055,2026-06-01,124.71749877929688,20,-0.15955993719463393,low_beta,79.12363847881818,overbought,medium_15_28,19.23049889201127,10.84546188123599,19.040389257199987,29.409733030456433,138.24368756863646,148.46419601871864,161.39658221255087,0.9170094633248693,8.37791539051118,17.818474759693025,0.8998432341174534,0.8994711304975658,800,high,True,5406

91,AZO,AZO,AutoZone,Consumer Discretionary,2026-06-30,3172.1474609375,2026-05-29,2965.7449340820312,21,0.2693460884127136,low_beta,54.36614475859263,neutral,medium_15_28,17.724231921407693,7.932707769824026,16.696359887030315,27.95530308019901,3201.0088129011187,3460.916381607737,3794.827918990311,0.9098363906162588,9.103262828295321,19.629618916542533,0.9008510769241428,0.8994778293986262,800,high,True,5406

92,UPS,UPS,United Parcel Service,Industrials,2026-06-30,107.36750030517578,2026-06-10,104.47000122070312,13,1.0418349032237715,market_beta,59.53908924015771,neutral,short_8_14,13.221423542305985,3.64541175911738,10.75363988586099,27.495713020905825,108.27836292995272,115.70432894073213,133.19477294928447,0.8483597198295056,7.764759924427955,24.055019042725778,0.9096806503091049,0.9056801945036584,800,high,True,5406

93,KEY,KEY,KeyCorp,Financials,2026-06-30,23.082499980926514,2026-05-19,20.732131969241724,28,0.8022282563606055,market_beta,79.47975165893759,overbought,medium_15_28,20.96733844970926,12.269172835039267,20.098736867902723,34.42099670215274,23.275793072936423,24.89902862084596,27.868338430660373,0.8374010274867505,7.869722263275114,20.73362267383725,0.9002832260258801,0.8995437054566137,800,high,True,5406

94,KHC,KHC,Kraft Heinz,Consumer Staples,2026-06-30,23.88825035095215,2026-06-22,22.35124969482422,6,-0.03939623756084767,low_beta,50.949238037823754,neutral,very_short_4_7,20.466044845723175,7.681083361628936,18.08437464744611,33.22210380210096,24.0680678162495,26.393333428022387,29.776805069505492,0.7527443938152745,10.486674579624001,24.650422831484754,0.9709661689247333,0.9662494120648526,800,medium,False,2763

95,SYY,SYY,Sysco,Consumer Staples,2026-06-30,83.14500045776367,2026-05-11,72.46999931335449,34,0.41023937653812825,low_beta,75.5489328875786,overbought,long_29_plus,25.598848583178047,15.565912493841617,22.622283532119727,34.13631799484388,83.75061599075886,88.86436803374676,97.20858872982235,0.7283847852076475,6.878787112267126,16.914532677407056,0.9003091597224141,0.8998344377383681,800,high,True,5406

96,PM,PM,Philip Morris International,Consumer Staples,2026-06-30,181.9099998474121,2026-06-02,170.84360750543922,19,-0.02965761254395776,low_beta,54.93651920348343,neutral,medium_15_28,13.59195957248707,7.202026366630466,14.377656521093018,21.724831154624194,183.1478091636836,195.40691458081557,207.95909277446478,0.6804514965146335,7.41955623370063,14.319769638229296,0.8998931060875461,0.8992601102365089,800,medium,False,4601

97,SNA,SNA,Snap-on,Industrials,2026-06-30,401.24249267578125,2026-05-19,357.2865213391158,28,0.5718364122178079,low_beta,77.97853415445546,overbought,medium_15_28,21.86143669062198,12.97147783495605,20.676644066320357,29.993119117570245,403.6318632619047,431.16138365334245,464.4478932753798,0.5954929075904669,7.456560938508772,15.75241948530881,0.8995899597203912,0.8999624856646231,800,high,True,5406

98,RMD,RMD,ResMed,Health Care,2026-06-30,195.96249771118164,2026-06-02,182.6775016784668,19,0.31533196787236284,low_beta,51.40993320127939,neutral,medium_15_28,18.017883054142445,7.89226315955961,16.989536251131927,27.23892795599756,197.09489084424033,213.71356204879206,232.4368947524806,0.5778621656107097,9.058398696148862,18.612947613607478,0.8996423944493758,0.9007040230726747,800,medium,False,5406

99,IR,IR,Ingersoll Rand,Industrials,2026-06-30,81.73749923706055,2026-05-19,68.92999839782715,28,1.187561951576085,market_beta,83.72516013152529,overbought,medium_15_28,29.171840858145572,19.21899269560717,26.104715430783553,41.298154631652885,82.17764975498768,86.92397832602359,97.39681572375765,0.538492762851206,6.345287215016038,19.15805674612201,0.9003468169418269,0.8991221979601479,800,medium,False,2295

100,USB,USB,U.S. Bancorp,Financials,2026-06-30,60.49250030517578,2026-05-15,52.61718952640642,30,0.7051446947914544,low_beta,90.79533295699241,overbought,long_29_plus,27.756501036813404,15.535732791188591,24.137335776748206,35.214026980406004,60.79165549346219,65.31757723868313,71.14582084256654,0.4945326888080581,7.976322534472113,17.610977366857572,0.9004208575411188,0.8995720429230055,800,high,True,5406

101,AMAT,AMAT,Applied Materials,Information Technology,2026-06-30,714.0424957275391,2026-06-05,467.6324996948242,16,2.530903216942027,high_beta,80.49797061488434,overbought,medium_15_28,63.12021563214758,53.36606880574126,62.43639653162182,89.02878349600671,717.1895812399719,759.6053815150199,883.9600254050936,0.4407420470438739,6.380976771005309,23.79655702486241,0.8998838289149302,0.8989123056576718,800,high,True,5406

102,LLY,LLY,Lilly (Eli),Health Care,2026-06-30,1212.1400146484375,2026-06-23,1106.3299865722656,5,0.5053501281018961,low_beta,67.97259584359595,neutral,very_short_4_7,25.837243777960914,9.830575983077935,23.52450769311478,44.35313846344404,1215.088596525828,1366.588669374694,1597.0220573792644,0.2432542315044195,12.74181636277818,31.752275981290488,0.991840612728597,0.9598548066830861,800,high,True,5406

103,FTV,FTV,Fortive,Industrials,2026-06-30,60.74625015258789,2026-05-20,58.36756198147118,27,0.4203643850393672,low_beta,44.568110645929536,neutral,medium_15_28,11.149329133744601,4.318641636841857,11.916927520053147,20.800559958157756,60.888247815612466,65.3231820380252,70.50834170754197,0.23375543785484343,7.534509330107708,16.070278462345875,0.8991516573335379,0.899361875006916,800,medium,False,2511

104,WRB,WRB,W. R. Berkley Corporation,Financials,2026-06-30,70.78499984741211,2026-06-01,63.15304189415064,20,-0.24969874661691283,low_beta,75.3210934110193,overbought,medium_15_28,19.38943188191557,12.34506674587027,19.585613235981455,28.705356479502065,70.94932706803094,75.52195242629631,81.28134769751587,0.23214977886989452,6.692028804259986,14.82849173233063,0.8999778949023776,0.8988627470938717,800,medium,False,5406

105,CL,CL,Colgate-Palmolive,Consumer Staples,2026-06-30,91.59749984741211,2026-06-04,85.76000022888184,17,0.099272307490137,low_beta,62.87393228794669,neutral,medium_15_28,14.171553102628621,7.025183396637057,14.600767479696756,22.86532014137749,91.78479752591714,98.28161845288828,105.36929883446174,0.20447902924976002,7.2972718869084074,15.035125423719453,0.9001857550983406,0.899103942630473,800,high,True,5406

106,ETR,ETR,Entergy,Utilities,2026-06-30,115.23500061035156,2026-06-01,106.35500144958496,20,-0.10410468611553736,low_beta,77.3832398858666,overbought,medium_15_28,17.31142660544279,8.546058378243362,16.921689979497227,26.858035236526188,115.44416196164806,124.35206507257352,134.91986521472242,0.18150852621916513,7.911714682112803,17.08236603471893,0.9006174512581144,0.8995848576076791,800,high,True,5406

107,VRSK,VRSK,Verisk Analytics,Industrials,2026-06-30,178.76749801635742,2026-06-22,170.50500106811523,6,-0.19890622475993305,low_beta,43.83856170830441,neutral,very_short_4_7,21.223240687996856,5.003854227377197,17.53433710841725,35.777292833979075,179.03682277195165,200.401922742109,231.50707459683397,0.15065644403078338,12.10198999583918,29.501770269028892,0.9650864659350906,0.9428783623998193,800,medium,False,4207

108,TROW,TROW,T. Rowe Price,Financials,2026-06-30,114.44750022888184,2026-03-20,85.4299080961443,69,1.0500874052124933,market_beta,76.55264091140909,overbought,long_29_plus,49.787755996593056,34.07790946068553,43.63209794924068,59.168192762219746,114.54263482949523,122.70476927460028,135.97724079505815,0.08312510139858453,7.214896812254401,18.811892372589444,0.8992529052427108,0.8992640607893447,800,medium,False,5406

109,FRT,FRT,Federal Realty Investment Trust,Real Estate,2026-06-30,123.90750122070312,2026-03-25,102.06986379121194,66,0.18681232888140703,low_beta,49.532530853358274,neutral,long_29_plus,34.66899373800535,21.48537841481226,29.895104778775792,39.83227677506534,123.99996027423727,132.5837565191485,142.72661444045968,0.07461941579263165,7.002203428339082,15.188033843274829,0.9002258151551614,0.8999906220540972,800,medium,False,5406

110,L,L,Loews Corporation,Financials,2026-06-30,113.55249977111816,2026-06-01,103.32499885559082,20,0.12969746280395353,low_beta,79.27121551049035,overbought,medium_15_28,17.89381045608266,9.940968397428136,17.692142363471714,29.14437121343778,113.59650433846808,121.60540475017747,133.43842007834454,0.038752618778636894,7.091790136977272,17.512534155839266,0.8999838180392495,0.8998775829796729,800,high,True,5406

111,STE,STE,Steris,Health Care,2026-06-30,210.49250030517578,2026-06-22,200.7324981689453,6,0.6806709604751331,low_beta,50.02189467438938,neutral,very_short_4_7,17.263724063542313,4.862193329560438,14.97812597861486,32.73569293478144,210.4925003051758,230.7984646247107,266.44367238984705,2.220446049250313e-14,9.646882568307657,26.58107628706594,0.9760821786495226,0.9476237308699265,800,medium,False,5406

112,IQV,IQV,IQVIA,Health Care,2026-06-30,192.55500030517578,2026-06-22,167.1699981689453,6,1.0663081327140034,market_beta,60.7471630728117,neutral,very_short_4_7,29.02171668903688,15.185142318764576,24.500012087691857,42.184018582562445,192.5550003051758,208.12666792733117,237.6890212610025,2.220446049250313e-14,8.086867439160873,23.43954760161766,0.9647482927693474,0.9388964608978557,800,medium,False,3305

113,CPT,CPT,Camden Property Trust,Real Estate,2026-06-30,114.68999862670898,2026-06-22,108.23571542383577,6,0.1550764992675863,low_beta,51.98644598081989,neutral,very_short_4_7,16.225860295730882,5.963173225768559,14.00066469877299,30.728727044433796,114.689998626709,123.38943502464514,141.4951729810164,2.220446049250313e-14,7.585174384953075,23.371849921763822,0.9710824982549531,0.963070895512839,800,medium,False,5406

114,KIM,KIM,Kimco Realty,Real Estate,2026-06-30,25.509999752044678,2026-06-18,24.50749969482422,7,-0.006246065805147347,low_beta,52.118964042170404,neutral,very_short_4_7,14.17509668725478,4.090584799363195,11.983069077718266,27.18742886083624,25.50999975204468,27.444250312476598,31.170458739924214,2.220446049250313e-14,7.5823229291756,22.189176961578916,0.9653695045494255,0.9404209235521841,800,medium,False,5406

115,ORLY,ORLY,O’Reilly Automotive,Consumer Discretionary,2026-06-30,91.17000007629395,2026-06-22,85.61249923706055,6,0.10159900531857394,low_beta,52.75895910587379,neutral,very_short_4_7,14.550018000743037,6.491459645214559,12.939144479093281,30.443034283879236,91.17000007629396,96.69002420550645,111.67554173108475,2.220446049250313e-14,6.054649692435188,22.4915450670518,0.9801076031024104,0.9527212931958966,800,medium,False,5406

116,CRM,CRM,Salesforce,Information Technology,2026-06-30,155.87750244140625,2026-06-22,150.11750030517578,6,0.4956233188542368,low_beta,31.445662226192766,neutral,very_short_4_7,13.49254381882858,3.8369957696610335,10.001110306638822,30.474785660001242,155.87750244140628,165.13091710026526,195.8654867613298,2.220446049250313e-14,5.936337517556356,25.653467430269416,0.9595893161564097,0.9424540990521538,800,medium,False,5406

117,SPG,SPG,Simon Property Group,Real Estate,2026-06-30,224.47499465942383,2026-03-24,177.67575614329516,67,0.1874243571126047,low_beta,70.39484274674669,overbought,long_29_plus,39.013708880529414,26.33968726627238,33.838522269219354,46.15470270262774,224.47499465942386,237.79860645284796,259.68147316587886,2.220446049250313e-14,5.935454776884552,15.683919966172954,0.8997781079573687,0.8988401179512582,800,high,True,5406

118,BRK.B,BRK-B,Berkshire Hathaway,Financials,2026-06-30,498.06500244140625,2026-05-05,467.0124969482422,38,0.14256980056163646,low_beta,65.92634120918883,neutral,long_29_plus,15.333353927038473,6.649180845497926,12.651325499365127,23.868428165021655,498.0650024414063,526.095768059877,578.4810393040074,2.220446049250313e-14,5.627933197689061,16.1456911183117,0.9000941329246834,0.8994252904182826,800,medium,False,5406

119,GPC,GPC,Genuine Parts Company,Consumer Discretionary,2026-06-30,117.38500022888184,2026-05-19,91.22113592495683,28,0.5951492157043062,low_beta,89.54506516516531,overbought,medium_15_28,37.43950758819538,28.681800592188146,35.30363603142661,49.71389859094243,117.38500022888185,123.42551373563653,136.57071893219563,2.220446049250313e-14,5.145898960665041,16.34426772237061,0.8995434394350629,0.8995618452085149,800,high,True,5406

120,DOV,DOV,Dover Corporation,Industrials,2026-06-30,224.84249877929688,2026-06-01,207.1599998474121,20,0.873533063248295,market_beta,66.09254791477224,neutral,medium_15_28,13.636170091080203,8.535672400516114,12.83542707746512,26.2874871987828,224.8424987792969,233.74987056150354,261.61715828829904,2.220446049250313e-14,3.9616050482297993,16.355742223404036,0.90047931348117,0.9001456658447431,800,high,True,5406

121,LYV,LYV,Live Nation Entertainment,Communication Services,2026-06-30,182.93500137329102,2026-06-05,160.18500137329102,16,0.8777312643952595,market_beta,81.51496335021919,overbought,medium_15_28,20.67943794224157,14.2023284358465,18.595863151874475,32.77409827802467,182.93500137329104,189.97278501849647,212.68419115002857,2.220446049250313e-14,3.8471498578035224,16.262163912543095,0.9001623520545011,0.8995501536255357,800,medium,False,5161

122,DRI,DRI,Darden Restaurants,Consumer Discretionary,2026-06-30,205.8400001525879,2026-06-08,195.84499740600586,15,0.3854528506224514,low_beta,54.59620482461871,neutral,medium_15_28,8.032897970858002,5.103527217425641,9.030709358887211,20.71161089995288,205.84000015258792,213.53118991566245,236.4076512357606,2.220446049250313e-14,3.7364893885411643,14.850199699044442,0.9005348987563833,0.8987683132723737,800,high,True,5406

123,BF.B,BF-B,Brown–Forman,Consumer Staples,2026-06-30,27.0649995803833,2026-06-03,24.652597298841872,18,-0.12554564011154215,low_beta,56.3265261182236,neutral,medium_15_28,12.190971444062328,9.785590752560424,12.880623662748256,24.01896785789598,27.064999580383304,27.828005579998532,30.573896720187232,2.220446049250313e-14,2.8191613206905775,12.964704209148326,0.8995570371415167,0.8986848191106761,800,high,True,5406

124,WM,WM,Waste Management,Industrials,2026-06-30,222.68750381469727,2026-06-02,210.82137895716494,19,-0.469420853703373,low_beta,49.112383236685325,neutral,medium_15_28,6.967608215562251,5.628520653943414,7.934776304051911,15.39387723739624,222.6875038146973,227.54958377853353,243.27496322401683,2.220446049250313e-14,2.183364526768461,9.244999857042192,0.9000492215749759,0.8991373973191846,800,high,True,5406

125,HON,HON,Honeywell Technologies,Industrials,2026-06-30,226.78250122070312,2026-06-10,210.12250137329102,13,0.8309534804574643,market_beta,66.09972874657413,neutral,short_8_14,11.97471657003885,7.928708129080841,9.706531437288303,22.76863311650853,226.78250122070315,230.51810802590606,257.9645228062063,2.220446049250313e-14,1.6472200390661884,13.749747629406839,0.9112024732185869,0.9021778486485749,800,high,True,5406

126,PG,PG,Procter & Gamble,Consumer Staples,2026-06-30,146.46749877929688,2026-06-02,140.27249908447266,19,0.0826396204625305,low_beta,40.44637071137805,neutral,medium_15_28,3.0222439667453784,4.4164035967546145,4.4164035967546145,10.534718979032476,146.4674987792969,146.4674987792969,155.04981266788778,2.220446049250313e-14,2.220446049250313e-14,5.859534681836198,0.8997634137624332,0.8992458287720314,800,high,True,5406

127,LULU,LULU,Lululemon Athletica,Consumer Discretionary,2026-06-30,113.17749977111816,2026-06-23,107.38500022888184,5,1.2221607228872204,market_beta,36.044551048436674,neutral,very_short_4_7,22.57257839080082,5.39414213334275,19.154078984509276,41.241243324503344,113.17749977111816,127.95360799023733,151.67190946729346,0.0,13.055694152107344,34.012422764262816,0.9827342816049333,0.9541361524281515,800,medium,False,4761

128,CMCSA,CMCSA,Comcast,Communication Services,2026-06-30,24.59249973297119,2026-06-22,22.324999809265137,6,0.27531535748551345,low_beta,54.67128047980997,neutral,very_short_4_7,25.16352323747259,10.156774661046208,23.049674901171855,40.38101777337595,24.59249973297119,27.470839686987986,31.340061950150638,0.0,11.704137380381074,27.437480087203102,0.9807168002675941,0.9457999839067686,800,high,True,5406

129,TMO,TMO,Thermo Fisher Scientific,Health Care,2026-06-30,503.29000091552734,2026-06-22,463.2250061035156,6,0.8595570653026399,market_beta,60.39965402214476,neutral,very_short_4_7,23.507624916074107,8.649143350231503,21.15331573212576,40.553275550779716,503.29000091552734,561.2124541947511,651.0779192487905,0.0,11.508762974400021,29.364366084051817,0.9723239746954926,0.9443490532392429,800,high,True,5406

130,LEN,LEN,Lennar,Consumer Discretionary,2026-06-30,90.61499977111816,2026-06-23,87.60249900817871,5,0.724240931031324,low_beta,49.744556824784965,neutral,very_short_4_7,18.158086641421292,3.4388297103923993,15.081593671080405,37.12702199108356,90.61499977111816,100.81435195430447,120.12669807968398,0.0,11.255699618107995,32.5682264339332,0.9740448787044922,0.9542084500185657,800,medium,False,5406

131,CDW,CDW,CDW Corporation,Information Technology,2026-06-30,139.77000045776367,2026-06-22,125.84999656677246,6,0.6515735179693045,low_beta,66.01194184702796,neutral,very_short_4_7,26.941013886556064,11.060790044285508,22.716505842349967,43.4273305402669,139.77000045776367,154.43871838946055,180.5032905607393,0.0,10.494897248089764,29.14308504655445,0.9646286163168669,0.9399699485299093,800,medium,False,3271

132,CMG,CMG,Chipotle Mexican Grill,Consumer Discretionary,2026-06-30,33.4350004196167,2026-06-23,30.989999771118164,5,1.0644661871186587,market_beta,72.00556504617582,overbought,very_short_4_7,21.383245916381945,7.889643970817994,19.014736386240347,40.76781715319028,33.4350004196167,36.88266653369277,43.623946213581696,0.0,10.311547991048586,30.473891628806516,0.9869767944537621,0.9572653344086413,800,medium,False,5138

133,GPN,GPN,Global Payments,Financials,2026-06-30,71.42999839782715,2026-06-23,64.53999996185303,5,1.4419200607930587,high_beta,75.89985811704086,overbought,very_short_4_7,25.610095173091423,10.6755476294492,21.90147029279467,45.74289715740263,71.42999839782715,78.67520888046796,94.06246576979116,0.0,10.143092041370117,31.68482133502677,0.9815142962536402,0.9591392475046341,800,medium,False,5406

134,VTRS,VTRS,Viatris,Health Care,2026-06-30,16.050000190734863,2026-06-22,15.355000019073486,6,0.8848742262753766,market_beta,51.501763919165114,neutral,very_short_4_7,17.41202318230509,4.52621407227658,14.83943063966461,36.078442709063474,16.050000190734863,17.63359459662438,20.8948449039316,0.0,9.866631695142747,30.18594801010348,0.9844519226059572,0.9473861968886917,800,high,True,5406

135,JKHY,JKHY,Jack Henry & Associates,Financials,2026-06-30,136.44750213623047,2026-06-22,123.57749938964844,6,0.10221643461378539,low_beta,68.00083078960492,neutral,very_short_4_7,24.537794930962775,10.414519479797878,20.926967438341602,36.66542230499816,136.44750213623047,149.43852244803696,168.88771141481956,0.0,9.520892730477492,23.774864889941693,0.9662748398008455,0.938376678374537,800,medium,False,5406

136,OKE,OKE,Oneok,Energy,2026-06-30,88.07750129699707,2026-06-18,84.52000045776367,7,-1.1257005796195332,low_beta,43.793424878452605,neutral,very_short_4_7,16.011144206254016,4.2090639138261166,13.822106715304184,27.50262840250291,88.07750129699707,96.20244511681136,107.76522210945618,0.0,9.224766484254587,22.352724047055062,0.9640450011770836,0.9590043980907519,800,medium,False,5406

137,CF,CF,CF Industries,Materials,2026-06-30,108.57500076293945,2026-06-24,102.28749656677246,4,-2.1079521759208935,low_beta,49.31831816010009,neutral,very_short_4_7,18.150022945796366,6.146894202325659,15.84565819143797,31.91750099938226,108.57500076293945,118.49562364532207,134.93510930571517,0.0,9.137115185514123,24.27824854482836,0.9814703886217377,0.9627485870291702,800,medium,False,5253

138,KLAC,KLAC,KLA Corporation,Information Technology,2026-06-30,292.09749603271484,2026-06-24,240.7224998474121,4,2.7417990266843453,high_beta,71.44478662642342,overbought,very_short_4_7,37.33975177588022,21.342000111276693,31.94460854531266,60.09901175029431,292.09749603271484,317.6203601041588,385.3943433163105,0.0,8.737789408706686,31.94031053013424,0.9698675149683809,0.950394958843394,800,high,True,5406

139,LH,LH,Labcorp,Health Care,2026-06-30,279.55250549316406,2026-06-22,254.58500289916992,6,0.22228659128013145,low_beta,60.42922011413851,neutral,very_short_4_7,21.336158959474524,9.807138012714244,19.060269574130622,35.61176996424948,279.55250549316406,303.10959074706,345.2472284951002,0.0,8.42671226013103,23.499958580604673,0.9814370577258795,0.9652844867158613,800,high,True,5406

140,HSY,HSY,Hershey Company (The),Consumer Staples,2026-06-30,177.12999725341797,2026-06-22,170.8400001525879,6,-0.18499879423181723,low_beta,51.04640951854028,neutral,very_short_4_7,14.6992612811882,3.681805838920682,12.393301975474511,24.649866898376963,177.12999725341797,192.01271726639922,212.9518327993878,0.0,8.402145454611333,20.223472083455142,0.9792685438807742,0.9481724790390055,800,high,True,5406

141,MPC,MPC,Marathon Petroleum,Energy,2026-06-30,258.2899932861328,2026-06-18,241.85250091552734,7,-0.9008630128245712,low_beta,45.91893406084817,neutral,very_short_4_7,17.630734423940154,6.79649468514143,15.700725018399233,31.36922671360722,258.2899932861328,279.82509703439575,317.7197602402481,0.0,8.33756796935079,23.008931239654796,0.9590122534158231,0.9443360527312338,800,medium,False,3775

142,DGX,DGX,Quest Diagnostics,Health Care,2026-06-30,212.43000030517578,2026-06-22,193.94250106811523,6,-0.05550188139580008,low_beta,63.75084704323968,neutral,very_short_4_7,20.912542643562645,9.532464073239666,18.622325547966156,35.835416214014494,212.43000030517578,230.05910499288737,263.44260354174384,0.0,8.298782969630336,24.013841342222662,0.971609199877328,0.9679069086916293,800,high,True,5406

143,PSX,PSX,Phillips 66,Energy,2026-06-30,172.14750289916992,2026-06-18,165.73250198364258,7,-0.9160570978802848,low_beta,34.09728771616669,neutral,very_short_4_7,14.589867856731672,3.8706957529431874,12.398845546969692,28.043020656048867,172.14750289916992,186.28141892572287,212.20890174870206,0.0,8.210352046077297,23.271553856344273,0.9653490387226948,0.9596759013627219,800,medium,False,3574

144,MAA,MAA,Mid-America Apartment Communities,Real Estate,2026-06-30,139.1925048828125,2026-06-22,132.03750228881836,6,0.08918071399256694,low_beta,48.4014276786535,neutral,very_short_4_7,16.172575705848345,5.418916951597064,13.983315481250797,30.76697635163366,139.1925048828125,150.50072278742758,172.66144939330684,0.0,8.124157198072957,24.045076664632315,0.9711201558717927,0.9655372782794139,800,medium,False,5406

145,A,A,Agilent Technologies,Health Care,2026-06-30,132.1875,2026-06-17,125.8329632463176,8,0.9827722927945189,market_beta,47.44942390708328,neutral,short_8_14,15.548054770234572,5.049977835492436,13.153983567046371,29.959509632311594,132.1875,142.38501055366572,163.53190199072125,0.0,7.714428787643102,23.712077156101174,0.9584536706491946,0.9395713631808648,800,high,True,5406

146,MDT,MDT,Medtronic,Health Care,2026-06-30,79.67000007629395,2026-06-02,73.17725523433084,19,0.16489387119133217,low_beta,45.177794687024004,neutral,medium_15_28,17.477909942794383,8.872626912791137,17.162025660953248,25.816717605179836,79.67000007629395,85.73595455562796,92.06922056939972,0.0,7.61385022408072,15.563223900127987,0.9002331195781941,0.9001976727778439,800,high,True,5406

147,BMY,BMY,Bristol Myers Squibb,Health Care,2026-06-30,58.114999771118164,2026-06-22,54.40750026702881,6,0.2580397398575062,low_beta,62.62755240129442,neutral,very_short_4_7,17.041096513564355,6.8143169340498355,14.931813495331077,31.28215538626103,58.114999771118164,62.53152673437331,71.42733904234115,0.0,7.599633452033605,22.906890344407984,0.9822068044199573,0.95048457006339,800,high,True,5406

148,UDR,UDR,"UDR, Inc.",Real Estate,2026-06-30,39.85999870300293,2026-06-22,37.540000915527344,6,0.14131625290621308,low_beta,54.564975020087594,neutral,very_short_4_7,16.40969787163658,6.180068542608863,14.219160960881904,31.71912650872412,39.85999870300293,42.87787407042271,49.44736129729966,0.0,7.571187821419634,24.05259133531894,0.9684195914854863,0.9648534996308666,800,medium,False,5406

149,ADBE,ADBE,Adobe Inc.,Information Technology,2026-06-30,204.00750350952148,2026-06-18,193.91500091552734,7,0.3777745545679611,low_beta,29.54067514473799,oversold,very_short_4_7,16.30765605374964,5.204601266712006,13.117041689804116,31.461758720880304,204.00750350952148,219.3509124284011,254.9240706271634,0.0,7.521002244980424,24.95818351861039,0.9510304109976884,0.9358056328137874,800,medium,True,5406

150,HIG,HIG,Hartford (The),Financials,2026-06-30,133.08749771118164,2026-06-01,126.24499893188477,20,0.11622102231249495,low_beta,66.05781297296545,neutral,medium_15_28,12.888716632865084,5.420015713247173,13.257466496487204,24.175321622897155,133.08749771118164,142.98188736877,156.765133456491,0.0,7.434499729689525,17.79102932470269,0.9006225265124731,0.9001198390188744,800,high,True,5406

151,TPR,TPR,"Tapestry, Inc.",Consumer Discretionary,2026-06-30,146.00000381469727,2026-06-03,137.58210180487345,18,1.207624224790053,market_beta,56.70794930875576,neutral,medium_15_28,15.443860353329057,6.118457197116056,13.93719238340374,28.85571935424021,146.00000381469727,156.75718401854905,177.2824069833528,0.0,7.367931453964038,21.426302980347202,0.9003015687923553,0.8996683308738486,800,high,True,5406

152,RF,RF,Regions Financial Corporation,Financials,2026-06-30,30.22000026702881,2026-05-15,26.365584631392256,30,0.7721714882449711,market_beta,82.07848447674824,overbought,long_29_plus,26.538959584757222,14.619116888640061,22.99892775027515,36.42392031875399,30.22000026702881,32.42938639170381,35.96896416910422,0.0,7.31100630427699,19.023705662728773,0.8996921395127929,0.8998055192594698,800,high,True,5406

153,AVY,AVY,Avery Dennison,Materials,2026-06-30,162.49500274658203,2026-06-08,153.33999633789062,15,0.47703052412375196,low_beta,61.43182533400626,neutral,medium_15_28,14.316523424472763,5.970396913612808,13.691034314523728,24.389455758926882,162.49500274658203,174.33382785440065,190.73878690546056,0.0,7.285654886434734,17.3813247678305,0.9000581888986999,0.899222807437541,800,high,True,5406

154,BNY,BNY,BNY Mellon,Financials,2026-06-30,144.63250350952148,2026-03-09,113.46460609032238,78,0.9065037672857762,market_beta,64.42449957814162,neutral,long_29_plus,42.27425237142252,27.46926860556693,36.73341017246007,48.79467134984825,144.63250350952148,155.14402524604662,168.82928773049508,0.0,7.267745134366099,16.72983847602463,0.9005069988031332,0.9000794837942303,800,high,True,5406

155,IT,IT,Gartner,Information Technology,2026-06-30,131.2750015258789,2026-06-22,126.15250205993652,6,0.14426226032790665,low_beta,23.257608579414836,oversold,very_short_4_7,15.086389561553034,4.0605611321990365,11.591062300533936,29.99509388903028,131.2750015258789,140.77491716738612,163.99206349617535,0.0,7.236652470831961,24.922537870888362,0.9586624325632949,0.9402851440868168,800,medium,False,5406

156,XEL,XEL,Xcel Energy,Utilities,2026-06-30,80.94250106811523,2026-06-02,76.53775984281157,19,-0.004470049275886552,low_beta,67.1667348312605,neutral,medium_15_28,13.167280034213519,5.754991045400137,13.407719737310812,22.487779798596435,80.94250106811523,86.79972817575177,93.7494027390416,0.0,7.236281348296281,15.822221332336905,0.9004933719322222,0.8989112021039273,800,high,True,5405

157,WAT,WAT,Waters Corporation,Health Care,2026-06-30,372.41500091552734,2026-06-22,356.97999572753906,6,0.8182447912627427,market_beta,54.955695724241316,neutral,very_short_4_7,13.531201365828707,4.3237731449156325,11.84390018332735,31.143427612599314,372.41500091552734,399.260350095955,468.1558022884053,0.0,7.208450012602152,25.708094769951085,0.982349886134411,0.9425642918185528,800,high,True,5406

158,GWW,GWW,W. W. Grainger,Industrials,2026-06-30,1361.7050170898438,2026-03-19,1041.987698003135,70,0.5788471337210068,low_beta,61.922354069576514,neutral,long_29_plus,45.4386738471772,30.683406310786097,40.04948620188511,52.146101336518015,1361.7050170898438,1459.2984173402408,1585.343658917901,0.0,7.16700012304925,16.423427909959877,0.9005404843386267,0.8991247654060531,800,high,True,5406

159,WMB,WMB,Williams Companies,Energy,2026-06-30,74.78999900817871,2026-06-01,70.24130414579187,20,-0.3470264862014488,low_beta,63.93869431384327,neutral,medium_15_28,13.697616492579627,6.475812084789356,14.050448032775515,25.0524276699814,74.78999900817871,80.11052208234015,87.83845606136803,0.0,7.113949919399798,17.44679399148328,0.8997285859714995,0.8986165936046189,800,high,True,5406

160,EQR,EQR,Equity Residential,Real Estate,2026-06-30,67.7450008392334,2026-06-22,63.703280236875,6,0.17103538258670492,low_beta,54.50689376801076,neutral,very_short_4_7,15.826473119014395,6.34460358607849,13.898847782095622,31.5677638224248,67.7450008392334,72.55730218920006,83.81298128918912,0.0,7.103551982214595,23.71832644608991,0.972196584319319,0.9642526371773616,800,high,True,5406

161,JBHT,JBHT,J.B. Hunt,Industrials,2026-06-30,288.0950012207031,2026-06-24,269.75,4,0.8927074518967968,market_beta,58.35380014937823,neutral,very_short_4_7,17.17017485305199,6.800741879778727,14.197692583145336,36.80154105673864,288.0950012207031,308.04827574303454,369.0221570005525,0.0,6.925935694054486,28.09044080492493,0.9866792823636562,0.9567125895151867,800,medium,False,5406

162,HRL,HRL,Hormel Foods,Consumer Staples,2026-06-30,25.417500019073486,2026-05-15,19.96500015258789,30,-0.1085470146556925,low_beta,63.6197405099536,neutral,long_29_plus,39.34986117003824,27.31029213530376,36.120729480352864,49.10959290258047,25.417500019073486,27.176503848456196,29.769730450523376,0.0,6.920443899135398,17.122968144718964,0.9003454109575209,0.8994457368827293,800,medium,False,5406

163,AFL,AFL,Aflac,Financials,2026-06-30,118.38000106811523,2026-06-01,111.88500022888184,20,-0.00021545314905891284,low_beta,60.704880000321666,neutral,medium_15_28,12.418202507053195,5.805068441655847,13.085089978710682,22.273526892202675,118.38000106811523,126.52525318151167,136.80573584320285,0.0,6.880598107707159,15.564905058993483,0.8998062302480739,0.899596017450341,800,high,True,5406

164,MRK,MRK,Merck & Co.,Health Care,2026-06-30,128.67249870300293,2026-06-18,113.75500106811523,7,0.014808396660383824,low_beta,72.80825978288705,overbought,very_short_4_7,23.833562301612105,13.113707085243021,20.892060957496778,35.18896605695829,128.67249870300293,137.520765233467,153.78420978206685,0.0,6.876579393151672,19.515989300111315,0.968296597113107,0.9509738308077426,800,high,True,5406

165,AME,AME,Ametek,Industrials,2026-06-30,240.7324981689453,2026-05-19,221.37309345861232,28,1.0429282423370658,market_beta,76.98876512052573,overbought,medium_15_28,17.239874871813456,8.745148024934846,16.191804265043768,29.108330459609654,240.7324981689453,257.2173914469032,285.8111050512057,0.0,6.847805511655025,18.725600916011075,0.8998323370046304,0.8997412852785183,800,medium,False,5406

166,FICO,FICO,Fair Isaac,Information Technology,2026-06-30,1179.0425109863281,2026-06-22,1084.9199829101562,6,0.6752346424893979,low_beta,40.646868931824756,neutral,very_short_4_7,19.668357660846567,8.675527187147992,16.07039415516632,34.63048309949485,1179.0425109863281,1259.2709004319813,1460.6330142349004,0.0,6.804537469860872,23.882981370451837,0.9695590033243491,0.94205590156631,800,medium,False,5406

167,WAB,WAB,Wabtec,Industrials,2026-06-30,270.2925033569336,2026-05-19,255.87625947846726,28,0.997136981346451,market_beta,62.339391256208685,neutral,medium_15_28,13.635581750482245,5.63406855635995,12.80644677905582,27.215244645158467,270.2925033569336,288.64491646881595,325.51360948441265,0.0,6.789834303190845,20.430128635331425,0.9000194281830664,0.8995829934907071,800,medium,False,5406

168,BALL,BALL,Ball Corporation,Materials,2026-06-30,62.02000045776367,2026-06-08,52.42500019073486,15,0.32673286253480305,low_beta,94.75794840523739,overbought,medium_15_28,27.62573031665835,18.302337114200995,26.208384376021364,37.73514866379623,62.02000045776367,66.1647457498526,72.20765194970413,0.0,6.682917222665208,16.426396995721348,0.8999082659011808,0.9000378339110673,800,high,True,5406

169,UNH,UNH,UnitedHealth Group,Health Care,2026-06-30,418.58499908447266,2026-06-02,375.53018475015716,19,0.26052732686606905,low_beta,63.35474059732253,neutral,medium_15_28,18.845689852010082,11.46507420247993,18.855049017062594,34.2475864839627,418.58499908447266,446.336585158665,504.1402095458521,0.0,6.629856811613055,20.439148714957646,0.9002667255190263,0.8988654574741246,800,high,True,5406

170,WFC,WFC,Wells Fargo,Financials,2026-06-30,83.16499900817871,2026-05-15,73.54999923706055,30,0.7775867099017374,market_beta,56.89034323290085,neutral,long_29_plus,23.929869966082393,13.072739457315086,20.527391847442935,30.92217964441866,83.16499900817871,88.64789578424326,96.29326212961296,0.0,6.592793652922846,15.785803256178932,0.9000345570621889,0.9007142188778225,800,high,True,5406

171,TRV,TRV,Travelers Companies (The),Financials,2026-06-30,331.1675033569336,2026-06-01,288.75781412198506,20,0.0667951729255281,low_beta,88.21501140713362,overbought,medium_15_28,22.896958063662467,14.68694080674564,22.20200708831824,31.149434295635444,331.1675033569336,352.86784448142095,378.7042397054259,0.0,6.552678298600645,14.354287744609117,0.9001459126983795,0.8994468016519653,800,high,True,5406

172,ITW,ITW,Illinois Tool Works,Industrials,2026-06-30,267.9075012207031,2026-06-01,243.52277401554636,20,0.5357218110720326,low_beta,80.62533823985848,overbought,medium_15_28,18.355272906570576,10.013325161777287,17.19965733266217,25.56185385660637,267.9075012207031,285.40785667321364,305.7717096169541,0.0,6.532237945100938,14.133314007157406,0.9000531467864138,0.8991253024950433,800,high,True,5406

173,BAC,BAC,Bank of America,Financials,2026-06-30,57.260000228881836,2026-05-15,49.41326141285861,30,0.8115464838992545,market_beta,75.02398817625672,overbought,long_29_plus,27.112975727207463,15.879823738939237,23.41157667091194,34.401070781660934,57.260000228881836,60.981684994128145,66.41195244702324,0.0,6.49962408377549,15.983150858468175,0.9001961402730442,0.8994166545530856,800,high,True,5406

174,UNP,UNP,Union Pacific Corporation,Industrials,2026-06-30,271.85250091552734,2026-06-22,258.57750701904297,6,0.41600851421855856,low_beta,54.23837989267677,neutral,very_short_4_7,13.618445319202806,5.133854854400277,11.932552755585917,29.774927760871844,271.85250091552734,289.4324044581691,335.5687729398264,0.0,6.46670657192312,23.437809771739992,0.9751086458818851,0.9553432734140833,800,high,True,5406

175,MET,MET,MetLife,Financials,2026-06-30,85.36750030517578,2026-03-30,67.81285821024275,63,0.797187575880817,market_beta,45.24755251196525,neutral,long_29_plus,38.89359755365121,25.886893073445915,33.92748551070423,46.78167998420474,85.36750030517578,90.82005585391727,99.53685252630103,0.0,6.387156153394957,16.598063865606917,0.901010563661183,0.8988159554935874,800,high,True,5406

176,SRE,SRE,Sempra,Utilities,2026-06-30,93.0575008392334,2026-06-01,87.33088256632794,20,-0.018688969592734594,low_beta,66.68564964340007,neutral,medium_15_28,12.140391567926201,6.557380510332167,13.239461187392083,21.364223319980457,93.0575008392334,98.89302086830388,105.98844734510811,0.0,6.270875508629814,13.89565203154799,0.9002610347970021,0.8992465553831692,800,medium,False,5406

177,AVB,AVB,AvalonBay Communities,Real Estate,2026-06-30,188.70249938964844,2026-06-22,176.82588742995378,6,0.26467085887087,low_beta,57.369701808376725,neutral,very_short_4_7,16.01646779235567,6.716557248666066,13.404978117059418,29.675427639811023,188.70249938964844,200.52935894523517,229.2997257026834,0.0,6.267463119905825,21.513878429986487,0.9726383065171391,0.9429816333288974,800,medium,False,5406

178,FFIV,FFIV,"F5, Inc.",Information Technology,2026-06-30,415.97750091552734,2026-06-18,385.3349914550781,7,0.9972305991254748,market_beta,69.01384114656776,neutral,very_short_4_7,18.141527111297904,7.952174118612709,14.684032789624922,34.904174857272665,415.97750091552734,441.91770795024024,519.8329906588152,0.0,6.235963959017243,24.966612260209196,0.9627899791634819,0.9460955729751858,800,medium,False,5406

179,IEX,IEX,IDEX Corporation,Industrials,2026-06-30,227.06000137329102,2026-05-19,205.1166565891251,28,0.6585148293448726,low_beta,63.428619338486456,neutral,medium_15_28,19.439236378847554,10.697982869387946,17.58386031518959,29.661629203648165,227.06000137329102,241.184082966944,265.95759870151176,0.0,6.220418175032383,17.130977315670993,0.899977771670124,0.9002381242291152,800,medium,False,5406

180,TRGP,TRGP,Targa Resources,Energy,2026-06-30,271.2475051879883,2026-06-18,258.5800018310547,7,-0.6246529687756869,low_beta,53.07154405950288,neutral,very_short_4_7,13.368732182521612,4.898872019194278,11.418110308911615,27.680252652677027,271.2475051879883,288.1049516769102,330.1555996471875,0.0,6.214783976442062,21.717469592346262,0.9637375965228664,0.9522662408700864,800,medium,False,3913

181,CVS,CVS,CVS Health,Health Care,2026-06-30,103.71999931335449,2026-06-02,90.16749954223633,19,0.18805022902220708,low_beta,72.21007386491848,overbought,medium_15_28,22.535563211169062,15.030359985495533,22.13203897966849,34.87909862939897,103.71999931335449,110.12340568791647,121.6171106392358,0.0,6.173743170992774,17.255217358622723,0.9003608073330805,0.8998820672313597,800,high,True,5406

182,CFG,CFG,Citizens Financial Group,Financials,2026-06-30,70.00749969482422,2026-05-15,60.77624988555908,30,0.9170861360198663,market_beta,83.86658196469324,overbought,long_29_plus,25.180978534441167,15.188909856477606,22.007865449125855,35.48678181534414,70.00749969482422,74.15180518539744,82.34378507799578,0.0,5.9198021763939845,17.621376905256913,0.8999544799217177,0.8985678786102026,800,medium,False,2958

183,NDSN,NDSN,Nordson Corporation,Industrials,2026-06-30,303.37999725341797,2026-05-19,272.2635450399052,28,1.0037904510447613,market_beta,76.17689779425439,overbought,medium_15_28,19.831577070443558,11.4287985962102,18.01459252757528,31.7582086468133,303.37999725341797,321.3107132799755,358.72956974288877,0.0,5.91031583785655,18.244305158733475,0.9003712229276175,0.8995340173240596,800,medium,False,5406

184,TDY,TDY,Teledyne Technologies,Information Technology,2026-06-30,657.5500030517578,2026-05-21,605.9924926757812,26,1.0152687583498587,market_beta,75.91443456604111,overbought,medium_15_28,15.70953665039734,8.507945395218108,14.766663933448886,27.941364577929683,657.5500030517578,695.4773675311438,775.3150643692052,0.0,5.767981796572297,17.909673906301805,0.9007023967927505,0.8995999825787137,800,medium,False,5406

185,VMC,VMC,Vulcan Materials Company,Materials,2026-06-30,299.7675018310547,2026-05-19,260.2126786621974,28,0.9772010441865475,market_beta,71.34868268403049,overbought,medium_15_28,23.08649926924101,15.20095922005651,21.748337745752874,36.58077233768413,299.7675018310547,316.8046108749227,355.4004862374054,0.0,5.683440980026555,18.558711023219843,0.9002618201370525,0.8993514382568163,800,high,True,5406

186,TT,TT,Trane Technologies,Industrials,2026-06-30,487.89500427246094,2026-06-01,446.364595108346,20,0.9797044490340413,market_beta,66.91883798035848,neutral,medium_15_28,16.134909304810066,9.30414500147223,15.510174797008217,28.96898323764467,487.89500427246094,515.5965240416085,575.6718798440633,0.0,5.677762536317732,17.990935509268713,0.900038560025748,0.8998158119406456,800,medium,False,5406

187,ALL,ALL,Allstate,Financials,2026-06-30,239.88500213623047,2026-06-01,205.1025047302246,20,-0.26453595180686357,low_beta,85.37127490096341,overbought,medium_15_28,23.8485087830176,16.958592217952663,23.59529586533363,32.617351137188976,239.88500213623047,253.497047548531,272.0015088892516,0.0,5.674404523451715,13.388292918280165,0.8998443898628373,0.89996948806642,800,high,True,5406

188,PYPL,PYPL,PayPal,Financials,2026-06-30,43.644999504089355,2026-06-11,40.802499771118164,12,1.1285556025478582,market_beta,67.8401948699361,neutral,short_8_14,16.931358093769802,6.966484281395036,13.034095734498807,26.94931607489255,43.644999504089355,46.12073665335436,51.79849440089411,0.0,5.6724416941121625,18.68139532465982,0.9115296668681344,0.9083568243471629,800,medium,False,2763

189,PEG,PEG,Public Service Enterprise Group,Utilities,2026-06-30,81.70000267028809,2026-05-15,76.10587727772821,30,0.0802171529543125,low_beta,68.44542289359208,neutral,long_29_plus,16.393325250475556,7.3504512301272085,13.437223440258924,24.182951235164136,81.70000267028809,86.3323940587058,94.51052446689509,0.0,5.670001514090983,15.679952726936474,0.9003315561531204,0.8998568669877458,800,high,True,5406

190,LIN,LIN,Linde plc,Materials,2026-06-30,516.3650054931641,2026-03-10,475.99091583048994,77,-0.07381721354702414,low_beta,52.316789568427495,neutral,long_29_plus,18.236181880602288,8.482113485764952,14.615577364319176,23.31897371776794,516.3650054931641,545.5597363808266,586.9871123919648,0.0,5.653894159574113,13.676780213126927,0.8999415338659618,0.8988839989291887,800,high,True,5406

191,WDAY,WDAY,"Workday, Inc.",Information Technology,2026-06-30,121.66500091552734,2026-06-22,114.9950008392334,6,0.3025554949270766,low_beta,30.88605854067694,neutral,very_short_4_7,14.877773862338685,5.80025220889282,11.775767828871373,30.49738461262442,121.66500091552734,128.53654515287022,150.06546853046507,0.0,5.647921904931241,23.343169688262535,0.9725120136507068,0.938189988616078,800,medium,False,3446

192,ACGL,ACGL,Arch Capital Group,Financials,2026-06-30,97.70249938964844,2026-06-03,87.71750068664551,18,-0.1966813574788409,low_beta,88.00960993102439,overbought,medium_15_28,17.706348687831678,11.38313178652055,17.67000382142208,25.805244093609673,97.70249938964844,103.2171864100317,110.35321585164812,0.0,5.644366372235865,12.948201469797826,0.9001536391035025,0.8996104711501579,800,medium,False,5406

193,IP,IP,International Paper,Materials,2026-06-30,37.96749973297119,2026-05-19,29.396473263844506,28,1.3696783602617704,high_beta,76.71124348997999,overbought,medium_15_28,38.27781610800716,29.15664880000559,36.43818987746258,50.80033331928204,37.96749973297119,40.10801600900169,44.32997966599115,0.0,5.6377593760056355,16.757700606486715,0.9002041009276223,0.8991408077394608,800,high,True,5406

194,CB,CB,Chubb Limited,Financials,2026-06-30,342.19249725341797,2026-06-01,309.68625105047875,20,-0.22762022533271842,low_beta,73.39189676038548,overbought,medium_15_28,16.04718080473789,10.496509319569602,16.715774006675872,23.51582395600361,342.19249725341797,361.4527049058237,382.51152466345667,0.0,5.628471637162202,11.782557400777716,0.8993510786045297,0.8996649524007995,800,medium,False,5406

195,EXPE,EXPE,Expedia Group,Consumer Discretionary,2026-06-30,258.1850051879883,2026-05-20,213.76863968836133,27,1.23573470162315,market_beta,75.45657233857231,overbought,medium_15_28,29.624605323945175,20.777774309823236,27.523388704337517,44.841852336813176,258.1850051879883,272.60501331776373,309.6264574398305,0.0,5.58514547321447,19.924260208057774,0.9002880198503965,0.8995879629609748,800,medium,False,5268

196,TKO,TKO,TKO Group Holdings,Communication Services,2026-06-30,205.5625,2026-06-17,195.9224967956543,8,0.45136719412023857,low_beta,49.780363675064834,neutral,short_8_14,13.102877289842809,4.920314594806419,10.770252098499325,26.28139761026356,205.5625,217.02384361822055,247.4136671864761,0.0,5.575600422363292,20.35933946438484,0.9520554430954253,0.9360493848687946,800,medium,False,5406

197,DTE,DTE,DTE Energy,Utilities,2026-06-30,152.7949981689453,2026-06-01,139.7602935504129,20,-0.19066965788799983,low_beta,79.68782149111824,overbought,medium_15_28,15.10619983674269,9.3264719809927,15.322064730067398,24.365946360652462,152.7949981689453,161.1744561951394,173.81421171039693,0.0,5.484118018659845,13.756480116064207,0.8999837909471377,0.9000847138724485,800,high,True,5406

198,REG,REG,Regency Centers,Real Estate,2026-06-30,80.22249984741211,2026-06-03,75.35574651247858,18,-0.014060818751026022,low_beta,54.77632760671454,neutral,medium_15_28,11.26750519704703,6.458370542620284,12.238534555212956,20.701026861921044,80.22249984741211,84.57818558874695,90.95515984002789,0.0,5.429506372426207,13.378615741257027,0.9002852348232023,0.899055161801965,800,medium,False,5406

199,NI,NI,NiSource,Utilities,2026-06-30,47.72000026702881,2026-06-01,45.46249866485596,20,0.09528854433616119,low_beta,62.94182982242967,neutral,medium_15_28,9.56782392832882,4.9656346845669,10.654372069985968,17.70104775271878,47.72000026702881,50.30624242492211,53.50983726310124,0.0,5.419618909097568,12.132935799819776,0.9005807339871001,0.8990929558052528,800,high,True,5406

200,STT,STT,State Street Corporation,Financials,2026-06-30,170.51250076293945,2026-03-09,118.95520570113959,78,1.1247679469708973,market_beta,71.25187851455942,overbought,long_29_plus,56.63850228633497,43.34177286140066,51.08034103142408,65.09631603110203,170.51250076293945,179.71793044791372,196.39066233980094,0.0,5.398683172075702,15.176694647648992,0.9001417239697599,0.8996224165699246,800,high,True,5406

201,C,C,Citigroup,Financials,2026-06-30,140.56000137329102,2026-05-19,120.65749931335449,28,1.5774745228201839,high_beta,67.21786428654482,neutral,medium_15_28,23.42572279201461,16.49503940757846,22.732145627998154,37.45207183091153,140.56000137329102,148.0855377683671,165.8462326255736,0.0,5.353967217950006,17.989635035025998,0.900164903264538,0.8996316078096687,800,high,True,5406

202,SYF,SYF,Synchrony Financial,Financials,2026-06-30,77.05249977111816,2026-06-03,69.65999984741211,18,1.221216710746797,market_beta,77.40535893004912,overbought,medium_15_28,19.231083358018793,10.612259460090545,16.494119419926076,31.39358935053431,77.05249977111816,81.14980341016458,91.52877414109149,0.0,5.31754797211943,18.787546689561797,0.9008075033239369,0.8993019757924634,800,medium,False,2996

203,GE,GE,GE Aerospace,Industrials,2026-06-30,373.4749984741211,2026-05-15,284.65999603271484,30,1.4379822157093578,high_beta,85.20239443533438,overbought,long_29_plus,41.718983491622275,31.200380692480255,38.15054942208246,51.78630326835948,373.4749984741211,393.2593485040737,432.0748848619166,0.0,5.297369331490476,15.69044424050141,0.9003117182266094,0.8990354415445672,800,high,True,5406

204,LOW,LOW,Lowe's,Consumer Discretionary,2026-06-30,219.44500350952148,2026-06-03,205.61750030517578,18,0.7982000553528118,market_beta,54.60410865622535,neutral,medium_15_28,13.645793582953829,6.724866893052894,12.210303477253676,25.56236066679351,219.44500350952148,230.72402109478074,258.1781873272301,0.0,5.139792387558217,17.65051981054926,0.9001012092050136,0.900004322925549,800,high,True,5406

205,PSA,PSA,Public Storage,Real Estate,2026-06-30,319.13999938964844,2026-05-18,291.98259963212035,29,0.4030865756954114,low_beta,43.871048291902554,neutral,long_29_plus,17.79292735758264,9.301033620409127,14.74948178496661,24.983777163185955,319.13999938964844,335.04851998013197,364.93088167948673,0.0,4.984809369213639,14.348211561513068,0.899402627705623,0.8987173633309894,800,medium,False,5406

206,TYL,TYL,Tyler Technologies,Information Technology,2026-06-30,289.50499725341797,2026-06-22,274.55249786376953,6,0.15958015837012274,low_beta,34.244947311535654,neutral,very_short_4_7,13.51590567452736,5.446134894415611,10.57047684066913,27.76991766711564,289.50499725341797,303.5740060659379,350.7955004735478,0.0,4.859677361701853,21.17079283660146,0.9550219255070728,0.9448905109114115,800,medium,False,5406

207,VLO,VLO,Valero Energy,Energy,2026-06-30,264.1375045776367,2026-06-18,235.99250030517578,7,-1.1016837816086553,low_beta,54.73137102136437,neutral,very_short_4_7,19.448179693267292,11.926228264061356,17.339929182003274,33.137015199891216,264.1375045776367,276.9134327329321,314.19337100190523,0.0,4.836847450241666,18.950684986711465,0.9581213024556479,0.9550742459951895,800,high,True,5406

208,ZBRA,ZBRA,Zebra Technologies,Information Technology,2026-06-30,258.2100028991699,2026-06-11,218.22750091552734,12,1.5648116065557567,high_beta,79.13145952649197,overbought,short_8_14,27.98620419066571,18.321477272985497,24.030910944128667,40.842166655904165,258.2100028991699,270.6695573161353,307.3563405284618,0.0,4.825356987363039,19.033475495712437,0.9148029444779876,0.9049459898954103,800,medium,False,5406

209,CHD,CHD,Church & Dwight,Consumer Staples,2026-06-30,96.86999893188477,2026-05-11,91.54363807231209,34,-0.08285500996494859,low_beta,45.67202154285303,neutral,long_29_plus,13.823746472601286,5.81838451227521,10.888239506168112,19.608535719328938,96.86999893188477,101.51112863828513,109.49400504249462,0.0,4.791090902833428,13.031904872308875,0.8997320885612223,0.8997474016763988,800,medium,False,5405

210,NCLH,NCLH,Norwegian Cruise Line Holdings,Consumer Discretionary,2026-06-30,21.385000228881836,2026-05-19,14.865000009536743,28,2.570630557078709,high_beta,78.49020985941746,overbought,medium_15_28,52.59698048435905,43.861420889082694,50.73581821527732,68.41162332408858,21.385000228881836,22.406879392076263,25.034387823186748,0.0,4.77848563131793,17.06517444585376,0.8997073415909582,0.898732713264403,800,medium,False,3381

211,CMS,CMS,CMS Energy,Utilities,2026-06-30,77.0250015258789,2026-06-04,69.83749961853027,17,-0.2223892407695163,low_beta,75.76793213018087,overbought,medium_15_28,14.413465493854716,10.291751489684685,15.489324636992041,21.90791272243148,77.0250015258789,80.65485665280251,85.13743808248631,0.0,4.7125674196891065,10.532212133591168,0.9001136287328999,0.8998094306459825,800,high,True,5406

212,UBER,UBER,Uber,Industrials,2026-06-30,73.44750022888184,2026-06-11,68.63250160217285,12,0.975907067104578,market_beta,62.728612577678966,neutral,short_8_14,14.87065938694154,7.015624542755328,12.02206612186325,28.6689764311961,73.44750022888184,76.88354632587493,88.30873731064007,0.0,4.678234230280776,20.233822846858907,0.9171869301749412,0.9073645775152598,800,medium,False,1794

213,ABT,ABT,Abbott Laboratories,Health Care,2026-06-30,91.98250007629395,2026-05-11,83.35250091552734,34,-0.1478649819074507,low_beta,56.987022282220416,neutral,long_29_plus,17.966626198664443,10.35361754713584,15.474844000297846,29.19967528830534,91.98250007629395,96.25117040255203,107.69116052754306,0.0,4.640741796230241,17.077879420780828,0.899948601358809,0.8992686580090606,800,high,True,5406

214,PGR,PGR,Progressive Corporation,Financials,2026-06-30,219.50499725341797,2026-06-01,191.90750122070312,20,-0.30850013363858175,low_beta,84.24662356529015,overbought,medium_15_28,20.00117027964437,14.380623924114545,19.67534464310696,28.574491634726193,219.50499725341797,229.66596348185118,246.744094103425,0.0,4.629036402621112,12.409328803826526,0.9003151351731693,0.9000047591323472,800,high,True,5406

215,AEE,AEE,Ameren,Utilities,2026-06-30,113.61000061035156,2026-06-01,105.21088183045703,20,-0.17877134006776485,low_beta,67.84572235127673,neutral,medium_15_28,12.329103209817589,7.983127442491522,12.925259764814816,19.007861268722614,113.61000061035156,118.80966160789596,125.20922028838997,0.0,4.576763462380118,10.209681908039304,0.8996447457674215,0.8999635128419664,800,high,True,5406

216,YUM,YUM,Yum! Brands,Consumer Discretionary,2026-06-30,158.7849998474121,2026-06-02,146.9875030517578,19,0.24501429864345356,low_beta,64.75684769639098,neutral,medium_15_28,12.238048750639877,8.026190356808849,12.89888769725708,21.53950326408764,158.7849998474121,165.9472559994064,178.6478810693921,0.0,4.510662946044652,12.509293221064755,0.9000530042998632,0.8992762374662854,800,high,True,5406

217,BKNG,BKNG,Booking Holdings,Consumer Discretionary,2026-06-30,179.15750122070312,2026-05-15,154.3045853938798,30,1.1634676809543751,market_beta,70.42664597974297,overbought,long_29_plus,24.85418870320394,16.106401351186996,21.337191716703718,33.523202350045565,179.15750122070312,187.22885060703672,206.032423790869,0.0,4.505169658729802,15.00072416005558,0.9009673942050527,0.8998801545267735,800,medium,False,5406

218,EG,EG,Everest Group,Financials,2026-06-30,358.8800048828125,2026-06-03,317.8506339627176,18,0.25310643367134683,low_beta,84.0469471476372,overbought,medium_15_28,18.884353518894173,12.908381024310756,17.93184964034149,27.103924125283726,358.8800048828125,374.8471317257843,404.0006286237059,0.0,4.44915476641996,12.572621245819171,0.8998308608124354,0.8998600572609718,800,medium,False,5406

219,V,V,Visa Inc.,Financials,2026-06-30,342.0550003051758,2026-06-03,314.1749954223633,18,0.3312615517007325,low_beta,76.86185147619504,overbought,medium_15_28,13.387442751136646,8.874036854948253,13.695613694920047,21.51570509745299,342.0550003051758,357.2031891214429,381.7719609273754,0.0,4.428582772581069,11.611279059439216,0.8995968011037007,0.8992807566389823,800,medium,False,4599

220,PCAR,PCAR,Paccar,Industrials,2026-06-30,120.13500022888184,2026-06-01,108.70499801635742,20,0.7979484283695235,market_beta,58.496595289748875,neutral,medium_15_28,16.956730307748344,10.51469796338571,15.321615286824,28.759057698929418,120.13500022888184,125.36035960997337,139.96753111750172,0.0,4.34957287313118,16.508536938306783,0.8995576723298049,0.8989471260706166,800,high,True,5406

221,JPM,JPM,JPMorgan Chase,Financials,2026-06-30,328.33499908447266,2026-06-01,297.2724914550781,20,0.885595239647493,market_beta,70.41762344033037,overbought,medium_15_28,16.744236014532774,10.449169876886666,15.238611743302233,27.939993771168393,328.33499908447266,342.5726922475588,380.33040705102405,0.0,4.336331247898162,15.83608452085068,0.8998906613250992,0.8994233227605094,800,high,True,5406

222,GIS,GIS,General Mills,Consumer Staples,2026-06-30,35.44499969482422,2026-06-03,32.41749906539917,18,-0.16508621582117972,low_beta,63.46928708278369,neutral,medium_15_28,13.38623355432756,9.339093750931738,14.05695538479997,21.303781688686243,35.44499969482422,36.97441244589027,39.32365229522372,0.0,4.314890010534778,10.942735601055364,0.9004051693359599,0.8997169028503258,800,high,True,5406

223,TDG,TDG,TransDigm Group,Industrials,2026-06-30,1326.8699951171875,2026-05-15,1161.2874755859375,30,0.8295532639562389,market_beta,74.57744657961494,overbought,long_29_plus,22.536967372309306,14.258529693321975,19.02354793790441,30.15220098627745,1326.8699951171875,1382.2055552009083,1511.441209253077,0.0,4.170382952915719,13.91027115053487,0.9001549484452975,0.8994498823323477,800,medium,False,5105

224,PPL,PPL,PPL Corporation,Utilities,2026-06-30,36.49749946594238,2026-06-02,34.43577310567933,19,-0.1340501543209645,low_beta,61.65411592951701,neutral,medium_15_28,8.975021484226929,5.987164434891179,10.298164720016397,17.52656712078027,36.49749946594238,37.98202574271329,40.47118199260582,0.0,4.067473932443488,10.887547324636525,0.8995087735526702,0.8993432913373898,800,high,True,5406

225,OTIS,OTIS,Otis Worldwide,Industrials,2026-06-30,71.63249969482422,2026-06-01,69.89999961853027,20,0.36516505599163895,low_beta,57.58539220909572,neutral,medium_15_28,5.3488072036701055,2.478540895205761,6.613616754867184,14.575419949491051,71.63249969482422,74.52291770495349,80.0882181076237,0.0,4.035065120501602,11.804304538894161,0.9001596553384227,0.9001679796337769,800,medium,False,1578

226,IFF,IFF,International Flavors & Fragrances,Materials,2026-06-30,77.65500068664551,2026-06-08,72.25793780220556,15,0.920193883116454,market_beta,62.069421002647466,neutral,medium_15_28,13.085430251627884,7.469162625722214,11.768073652906274,25.13647257352687,77.65500068664551,80.76130514284031,90.42103452005307,0.0,4.000134477790307,16.439422729414723,0.9005310504853812,0.8987668157038594,800,high,True,5406

227,PNW,PNW,Pinnacle West Capital,Utilities,2026-06-30,107.33500099182129,2026-03-24,96.88840458120863,67,-0.22851826840861075,low_beta,73.72263349582147,overbought,long_29_plus,18.884826166186386,10.782091474998602,15.202232999893932,23.351912897492767,107.33500099182129,111.61760559552388,119.51370042678286,0.0,3.989942296668847,11.346438088624566,0.9003056048229984,0.8998595672706212,800,high,True,5406

228,DHI,DHI,D. R. Horton,Consumer Discretionary,2026-06-30,163.45000076293945,2026-05-19,135.1349983215332,28,0.8185567597192943,market_beta,75.90953501537251,overbought,medium_15_28,26.99868929074163,20.953123020015152,25.58117373029473,43.55178574773872,163.45000076293945,169.70411701259547,193.98870326073768,0.0,3.8263176631774476,18.683819122209844,0.9002678733218791,0.8992529218432259,800,medium,False,5406

229,CBRE,CBRE,CBRE Group,Real Estate,2026-06-30,134.85499572753906,2026-06-01,123.94000053405762,20,0.9549920968840632,market_beta,49.388072095116485,neutral,medium_15_28,14.685800882868023,8.806676735879226,12.969671480896242,27.087279329896774,134.85499572753906,140.01461143674595,157.51197468019333,0.0,3.826047141502542,16.800993415498233,0.9007614894536092,0.8987755176061649,800,medium,False,5406

230,AIG,AIG,American International Group,Financials,2026-06-30,74.78999900817871,2026-06-03,72.62487875241324,18,0.1954623390714731,low_beta,56.8317906650348,neutral,medium_15_28,7.025502929392729,2.981237687358651,6.911619496035336,17.701819306861168,74.78999900817871,77.64443403123705,85.48080356099244,0.0,3.8165998942534918,14.294430665314795,0.9002335242621914,0.9000403286817085,800,high,True,5406

231,TSCO,TSCO,Tractor Supply,Consumer Discretionary,2026-06-30,31.397500038146973,2026-06-03,29.3125,18,0.3000886323920706,low_beta,63.91891244034382,neutral,medium_15_28,12.20642687769876,7.113006526727417,11.181811051062663,22.581018678312695,31.397500038146973,32.590168364342745,35.93156110008041,0.0,3.798609203747816,14.440834641053257,0.899803658793303,0.8997860397332195,800,medium,False,5406

232,ROP,ROP,Roper Technologies,Information Technology,2026-06-30,335.89749908447266,2026-05-13,315.91500091552734,32,0.00891185835804605,low_beta,52.23069530125044,neutral,long_29_plus,12.885647746050182,6.325276770978161,10.240278264663832,19.95938437204453,335.89749908447266,348.26557608909263,378.9696902372054,0.0,3.682098568262826,12.823016327936632,0.8998849127582326,0.8995684976631362,800,medium,False,5406

233,IBM,IBM,IBM,Information Technology,2026-06-30,277.0274963378906,2026-06-18,249.15750122070312,7,0.9316446496302208,market_beta,51.92829584859038,neutral,very_short_4_7,19.318559793560098,11.185693780296946,15.07987449409188,33.276033631144216,277.0274963378906,286.7301396974006,332.06723512142287,0.0,3.5024116695173246,19.867969609919236,0.949441821571811,0.9320229975061918,800,high,True,5406

234,LNT,LNT,Alliant Energy,Utilities,2026-06-30,76.64500045776367,2026-06-01,70.27750015258789,20,-0.15328987212197584,low_beta,80.00831150195661,overbought,medium_15_28,12.004023140759443,9.060510535164944,12.825659698965469,19.322937178296776,76.64500045776367,79.29105316709875,83.85717735754987,0.0,3.45234874229432,9.409846508854258,0.8995717211285922,0.8994403035368287,800,medium,False,5406

235,CNP,CNP,CenterPoint Energy,Utilities,2026-06-30,44.30749988555908,2026-05-18,41.46548082349226,29,-0.2276338357395387,low_beta,68.3805965488733,neutral,long_29_plus,13.200683330810762,6.853939724380775,10.535185453302095,19.40227876191848,44.30749988555908,45.833946127350586,49.51072900283608,0.0,3.4451193268275837,11.743450049576953,0.9000747894593206,0.8995305857877427,800,high,True,5406

236,JNJ,JNJ,Johnson & Johnson,Health Care,2026-06-30,256.5099983215332,2026-05-11,220.332852035678,34,-0.15427195642205438,low_beta,73.42651969949469,overbought,long_29_plus,23.659099033804246,16.419315572603367,20.421111445193027,30.103371409699356,256.5099983215332,265.3272693002561,286.6604688215615,0.0,3.43739855616485,11.754111222688056,0.9003373400767316,0.8991466271750558,800,high,True,5406

237,MNST,MNST,Monster Beverage,Consumer Staples,2026-06-30,96.41250038146973,2026-03-30,71.63000106811523,63,0.4076323399335291,low_beta,77.77216349061175,overbought,long_29_plus,43.408302043891126,34.59793235209927,38.784076343056,54.74049264961084,96.41250038146973,99.41103536690488,110.84061653772302,0.0,3.1101101761400463,14.964984933661519,0.9003832662523998,0.8991827483716515,800,medium,False,5406

238,D,D,Dominion Energy,Utilities,2026-06-30,68.68999862670898,2026-04-22,60.5784178520817,47,-0.09945976195318544,low_beta,72.23447369042917,overbought,long_29_plus,20.163430044329054,13.390215628334602,16.719148131840864,27.432013863383943,68.68999862670898,70.70661326869677,77.1962978354834,0.0,2.9358198898022048,12.383606607712005,0.8996846062807038,0.8995068678785089,800,medium,False,5406

239,VEEV,VEEV,Veeva Systems,Health Care,2026-06-30,175.65750122070312,2026-06-18,152.74750137329102,7,0.6990577136237057,low_beta,59.82082201086956,neutral,very_short_4_7,21.603839186451765,14.998608580459628,18.34359071018321,37.078246756411104,175.65750122070312,180.766877845239,209.3835968467323,0.0,2.908715306223253,19.199917675963274,0.9556015795089665,0.9359947346563402,800,medium,False,3194

240,AXP,AXP,American Express,Financials,2026-06-30,340.24000549316406,2026-06-03,304.90999603271484,18,1.0979473149356684,market_beta,74.49668236674705,overbought,medium_15_28,17.127548005341424,11.587028933173627,14.817985946833556,28.87316233154985,340.24000549316406,350.09151639533326,392.9471541523628,0.0,2.8954593061124134,15.491167354879941,0.8996258349389359,0.8991753314624913,800,high,True,5406

241,HUBB,HUBB,Hubbell Incorporated,Industrials,2026-06-30,519.7231292724609,2026-05-21,458.8323586088418,26,1.0175467610467994,market_beta,65.89661317362008,neutral,medium_15_28,17.108503441321346,13.270810029230962,16.48594893445779,29.864669021448357,519.7231292724609,534.4752269438636,595.8611238706774,0.0,2.838453176415978,14.649722190505333,0.8995555369183806,0.8994375164045769,800,medium,False,5405

242,COF,COF,Capital One,Financials,2026-06-30,202.12749481201172,2026-06-11,179.25249862670898,12,1.5161309618365422,high_beta,77.32723617538582,overbought,short_8_14,18.969440138537337,12.761326263540473,15.759899905158047,30.237529713727614,202.12749481201172,207.50251298777312,233.4540261615593,0.0,2.6592216861740736,15.498401827362862,0.9215345963220594,0.9097759505181148,800,high,True,5406

243,MRSH,MRSH,Marsh McLennan,Financials,2026-06-30,165.74250030517578,2026-06-03,158.875,18,-0.26841056259408064,low_beta,45.89552287832171,neutral,medium_15_28,5.671731256639703,4.322580837246748,7.077795793275255,14.446108297113271,165.74250030517578,170.11984806656605,181.82625455703874,0.0,2.641053292505191,9.70406155466974,0.900248639753669,0.8998008038196595,800,high,True,5406

244,AWK,AWK,American Water Works,Utilities,2026-06-30,132.06000137329102,2026-06-01,122.0049991607666,20,-0.501596832889619,low_beta,71.02600867258568,overbought,medium_15_28,10.030992540116529,8.24146738386915,11.067271705532741,18.270516398291868,132.06000137329102,135.5076239122216,144.2959425391703,0.0,2.6106485711636873,9.26544073802653,0.9001303005513052,0.8993996666332802,800,medium,False,4575

245,DASH,DASH,DoorDash,Consumer Discretionary,2026-06-30,184.1775016784668,2026-06-11,151.37749862670898,12,1.475542335507229,high_beta,93.70332035224618,overbought,short_8_14,28.033106814528914,21.66768730446613,24.821493604879745,40.77418184595636,184.1775016784668,188.9516547675645,213.1004351906234,0.0,2.592147816964263,15.703836379890546,0.9171047752240162,0.9071506077131116,800,medium,False,1394

246,EXC,EXC,Exelon,Utilities,2026-06-30,46.81999969482422,2026-05-18,43.40678810857722,29,-0.25058849081004136,low_beta,67.91829612202608,neutral,long_29_plus,13.011103154778027,7.863312940154055,10.316880056420612,19.030935977122386,46.81999969482422,47.885014374083774,51.667506163245726,0.0,2.2747003122626896,10.353495301191519,0.8997437790763959,0.899571155020876,800,high,True,5406

247,NVR,NVR,"NVR, Inc.",Consumer Discretionary,2026-06-30,6808.6649169921875,2026-05-15,5616.162353515625,30,0.48996823136908624,low_beta,76.48751446998511,overbought,long_29_plus,27.237810615647916,21.233406166224444,23.735422638245954,36.48717911810603,6808.6649169921875,6949.1822241726195,7665.341571006509,0.0,2.0638011841315196,12.582153248228423,0.8999700084203686,0.8994523318568507,800,medium,False,5406

248,EXR,EXR,Extra Space Storage,Real Estate,2026-06-30,145.9099998474121,2026-05-18,136.8939233854288,29,0.3832714697439802,low_beta,42.45971141861846,neutral,long_29_plus,11.614825465689961,6.586177267049531,8.776167513261944,18.517392016324436,145.9099998474121,148.90796341721048,162.24310782523546,0.0,2.0546662825944306,11.19396065718865,0.900128444914143,0.8995267946774711,800,medium,False,5406

249,DUK,DUK,Duke Energy,Utilities,2026-06-30,127.13750076293945,2026-06-02,120.5374984741211,19,-0.3782795389988167,low_beta,62.553084821922106,neutral,medium_15_28,6.018685089698209,5.475476405572954,7.3657302990876135,13.903783055765516,127.13750076293945,129.4159655209917,137.29677076280956,0.0,1.792126433490826,7.990773720503652,0.8998364492605354,0.8996323374969981,800,high,True,5406

250,FE,FE,FirstEnergy,Utilities,2026-06-30,47.70500087738037,2026-05-13,44.24250030517578,32,-0.1547937217136836,low_beta,63.984680559371874,neutral,long_29_plus,12.452278111051129,7.826186468488361,9.668893605265634,18.815278549869262,47.70500087738037,48.52026058799255,52.56684997502136,0.0,1.7089606867584095,10.191487282722743,0.9003618079497081,0.8998922140998219,800,high,True,5406

251,GL,GL,Globe Life,Financials,2026-06-30,179.24749755859375,2026-03-30,136.08196357346128,63,0.2828018948538302,low_beta,100.0,overbought,long_29_plus,38.912804613857,31.720246277773878,33.94401519527984,43.88756361961512,179.24749755859375,182.27364596687215,195.80502191158558,0.0,1.6882514118721215,9.237241567391695,0.899364316983887,0.8991854941863281,800,high,True,5406

252,VST,VST,Vistra Corp.,Utilities,2026-06-30,160.79249954223633,2026-06-10,140.7528896503698,13,1.471407200686537,high_beta,73.39047808888614,overbought,short_8_14,18.941519703992768,14.237441193317535,16.152379652220695,33.21333697970813,160.79249954223633,163.4878307581688,187.50162119862384,0.0,1.676279194369057,16.61092509440818,0.9079319490000398,0.906092701738699,800,medium,False,2445

253,TAP,TAP,Molson Coors Beverage Company,Consumer Staples,2026-06-30,39.477500915527344,2026-06-03,38.6875,18,-0.3579582075479118,low_beta,38.832185939084184,neutral,medium_15_28,2.345918003066629,2.042005597485863,3.723377618504023,10.91717145431557,39.477500915527344,40.12798171615875,42.91108070638833,0.0,1.6477253765968758,8.697561170875655,0.9001136848567428,0.8987909155785434,800,high,True,5406

254,CAH,CAH,Cardinal Health,Health Care,2026-06-30,237.62249755859375,2026-05-12,183.19750213623047,33,-0.06015570161112387,low_beta,85.50301102931815,overbought,long_29_plus,35.77197301757384,29.708371996192074,31.79138514548194,43.66205305893247,237.62249755859375,241.438525617262,263.1852927215904,0.0,1.6059203559743995,10.757733558748273,0.8997445888108287,0.8998571308639223,800,high,True,5406

255,CRL,CRL,Charles River Laboratories,Health Care,2026-06-30,225.68499755859375,2026-05-19,150.9049949645996,28,1.2700161280761104,high_beta,84.60684448247052,overbought,medium_15_28,53.19883363090052,49.55435876164111,51.46574203372204,68.68266487956815,225.68499755859375,228.56937038908166,254.55056694266477,0.0,1.2780525341473004,12.790203024716673,0.9006393149240731,0.8988024557099383,800,medium,False,5406

256,EA,EA,Electronic Arts,Communication Services,2026-06-30,205.2449951171875,2025-09-09,166.68826072286436,202,0.1183366464224024,low_beta,76.02294279715586,overbought,long_29_plus,30.357032479558114,23.131043678251295,24.680446730299202,38.49651639530383,205.2449951171875,207.82766811623316,230.85743434108863,0.0,1.2583366515568573,12.478959211296402,0.8999672595291567,0.8992546099667378,800,high,True,5406

257,MCO,MCO,Moody's Corporation,Financials,2026-06-30,451.97000885009766,2026-05-15,431.4550018310547,30,0.6961424163553768,low_beta,52.608937085262795,neutral,long_29_plus,8.440085353619537,4.7548427835995,6.0080303527088645,16.39854150298258,451.97000885009766,457.3769492993451,502.2073293730145,0.0,1.1963051404680014,11.115188959269817,0.8999832855936848,0.8996594099196323,800,high,True,5406

258,WEC,WEC,WEC Energy Group,Utilities,2026-06-30,117.3799991607666,2026-05-18,109.53999900817871,29,-0.2697510484340269,low_beta,64.75916673409391,neutral,long_29_plus,10.935767853397763,7.157203052377725,8.183906563146937,17.35041727559137,117.3799991607666,118.50465017628014,128.54564591977638,0.0,0.9581283213106806,9.51239294499997,0.9003884583744267,0.8997762198531074,800,medium,False,5406

259,MTD,MTD,Mettler Toledo,Health Care,2026-06-30,1269.2424926757812,2026-05-15,1037.0225219726562,30,0.9789439276726488,market_beta,84.5826894823165,overbought,long_29_plus,26.465506605400385,22.392953458849576,23.48273577234238,36.349622577252696,1269.2424926757812,1280.5437807071764,1413.976294750824,0.0,0.8903962872823579,11.403163927321657,0.8998010473420284,0.9000621823161893,800,medium,False,5406

260,RTX,RTX,RTX Corporation,Industrials,2026-06-30,188.91500091552734,2026-05-05,172.31720952252334,38,0.21448932351615016,low_beta,69.03427256484409,neutral,long_29_plus,13.028327755080824,9.63211477193433,10.467849310371284,19.59294372146174,188.91500091552734,190.35511535117783,206.07922340666465,0.0,0.7623081431709311,9.08568531241849,0.9002090412081428,0.8995498656310829,800,high,True,5406

261,AIZ,AIZ,Assurant,Financials,2026-06-30,268.4425048828125,2026-03-20,211.38719264240302,69,0.41925350981481585,low_beta,85.88659198838211,overbought,long_29_plus,32.13594789708017,26.990903056708902,27.704595247472138,37.779583604513135,268.4425048828125,269.95115876897495,291.24839381597286,0.0,0.562002610883483,8.495632591089164,0.90029428999559,0.899345814775124,800,medium,False,5406

262,SO,SO,Southern Company,Utilities,2026-06-30,95.97999954223633,2026-06-02,89.88999938964844,19,-0.3558430506579715,low_beta,65.37018174927331,neutral,medium_15_28,6.0933767094572175,6.774947373388462,7.061578160965988,14.386529735064107,95.97999954223633,96.23765195544033,102.82205088068916,0.0,0.26844385750453004,7.1286219744582935,0.8998081747650148,0.8996244089430167,800,high,True,5406

263,ED,ED,Consolidated Edison,Utilities,2026-06-30,111.22249984741211,2026-06-02,103.57000160217285,19,-0.4778840553734684,low_beta,67.95311392765078,neutral,medium_15_28,6.674465103523417,7.3887207944956845,7.659295297385712,14.648645167048354,111.22249984741211,111.5027338643904,118.74160363638146,0.0,0.25195802770370257,6.760416102213962,0.8998424982804399,0.8996472020045019,800,high,True,5406

264,SCHW,SCHW,Charles Schwab Corporation,Financials,2026-06-30,92.30499839782715,2026-05-28,85.01250076293945,22,0.6057386423563951,low_beta,62.982347804963354,neutral,medium_15_28,8.81911202172941,8.578147412958836,8.82693014131183,19.956261789678166,92.30499839782715,92.51649481666631,101.97781796914379,0.0,0.22912780728041593,10.479193693961797,0.9002817802978526,0.8991309184253011,800,high,True,5406

265,VICI,VICI,Vici Properties,Real Estate,2026-06-30,26.767499923706055,2026-03-27,26.433326825765352,64,0.07045137792233808,low_beta,34.20509615709261,neutral,long_29_plus,3.4381830352353546,1.264211274439253,1.3525927347459241,11.530786957169008,26.767499923706055,26.7908620839623,29.48129742773656,0.0,0.0872780809669571,10.138404825872783,0.8999508238238385,0.8992405841187359,800,medium,False,2134

266,TECH,TECH,Bio-Techne,Health Care,2026-06-30,70.74750137329102,2026-05-15,44.150779237333644,30,0.8559242577500129,market_beta,91.46561776444885,overbought,long_29_plus,60.13708488636086,60.24066300842848,60.24066300842848,72.05548517328705,70.74750137329102,70.74750137329102,75.96383742458129,0.0,0.0,7.37317353975071,0.9007449653126504,0.9003748685777666,800,low,False,5406

267,XYZ,XYZ,"Block, Inc.",Financials,2026-06-30,77.29500007629395,2026-06-10,67.11249923706055,13,1.7900286526694067,high_beta,79.47178310878512,overbought,short_8_14,15.140314072267955,15.172286764743914,15.172286764743914,29.04088409506268,77.29500007629395,77.29500007629395,86.60256235379512,0.0,0.0,12.041609765591765,0.9165300545238548,0.9087453947273297,800,medium,False,2666

268,BRO,BRO,Brown & Brown,Financials,2026-06-30,63.9950008392334,2026-05-13,54.660000801086426,32,-0.3700432019789111,low_beta,72.39097969330756,overbought,long_29_plus,18.247256015517678,17.07830205147276,17.07830205147276,25.492669442502105,63.9950008392334,63.9950008392334,68.59429412257639,0.0,0.0,7.186957142007411,0.9004694617411588,0.8997887866268451,800,medium,False,5406

269,COR,COR,Cencora,Health Care,2026-06-30,282.12500762939453,2026-05-07,254.4439716296304,36,-0.17458427562049736,low_beta,51.52980950365695,neutral,long_29_plus,7.90930127085403,10.879029997243062,10.879029997243062,17.09018631333482,282.12500762939453,282.12500762939453,297.928920444183,0.0,0.0,5.601741209538158,0.900357416112971,0.8998832174301568,800,high,True,5406

270,KO,KO,Coca-Cola Company (The),Consumer Staples,2026-06-30,81.82999992370605,2026-04-22,74.38474774493903,47,-0.2895774961156586,low_beta,45.86727868278943,neutral,long_29_plus,11.947152346204206,10.009111282189664,10.009111282189664,18.903017890220383,81.82999992370605,81.82999992370605,88.44570991876016,0.0,0.0,8.084699989273169,0.9001453277889775,0.8999565441916356,800,high,True,5406

271,EXPD,EXPD,Expeditors International,Industrials,2026-06-30,162.4574966430664,2026-05-04,139.7871367536338,39,0.3824426731096963,low_beta,43.83241660424152,neutral,long_29_plus,19.699017670257746,16.21777254754686,16.21777254754686,25.325149284397707,162.4574966430664,162.4574966430664,175.18843781687673,0.0,0.0,7.836475039241386,0.9001151135676781,0.8999395858581132,800,medium,False,5406

272,GRMN,GRMN,Garmin,Consumer Discretionary,2026-06-30,235.0924949645996,2026-05-18,225.52355515270685,29,1.1725540781515356,market_beta,52.3845013593143,neutral,long_29_plus,6.04423930790351,4.242989077310977,4.242989077310977,13.702401235553374,235.0924949645996,235.0924949645996,256.42569756041524,0.0,0.0,9.074386912703435,0.8996726139838372,0.8991724907831177,800,medium,False,5406

273,KVUE,KVUE,Kenvue,Consumer Staples,2026-06-30,19.066250324249268,2025-10-30,13.744887411226976,165,0.001840466169653533,low_beta,78.21451489725614,overbought,long_29_plus,35.96361981076119,38.715216456962345,38.715216456962345,43.93192903227359,19.066250324249268,19.066250324249268,19.78328159429312,0.0,0.0,3.7607356341687215,0.9003057048425149,0.899019476666253,800,low,False,791

274,TTWO,TTWO,Take-Two Interactive,Communication Services,2026-06-30,247.6624984741211,2026-06-11,209.77250289916992,12,0.9082529810418607,market_beta,85.63061842550012,overbought,short_8_14,17.681133321461942,18.062422410607137,18.062422410607137,30.834984189174715,247.6624984741211,247.6624984741211,274.45582100136505,0.0,0.0,10.818481882530007,0.9145918871430307,0.9091087435436026,800,medium,False,5406

275,WSM,WSM,"Williams-Sonoma, Inc.",Consumer Discretionary,2026-06-30,237.3650016784668,2026-05-18,168.95750045776367,29,1.2540251498292856,high_beta,84.64838221300899,overbought,long_29_plus,40.41967125541531,40.487993155298696,40.487993155298696,53.72938617433056,237.3650016784668,237.3650016784668,259.73732834921185,0.0,0.0,9.425284482777485,0.9003234558964744,0.8996015777688291,800,medium,False,5406

276,WTW,WTW,Willis Towers Watson,Financials,2026-06-30,261.11499786376953,2026-05-14,244.0466756429824,31,-0.18109670191535623,low_beta,45.76847778666486,neutral,long_29_plus,6.961070068916058,6.993876141036437,6.993876141036437,14.808864941539191,261.11499786376953,261.11499786376953,280.18721823326786,0.0,0.0,7.3041458842010965,0.9002949214781161,0.8995629995762089,800,medium,False,5405

277,MGM,MGM,MGM Resorts,Consumer Discretionary,2026-06-30,48.48500061035156,2026-06-23,46.59499931335449,5,0.9370949004782,market_beta,59.48352926350087,neutral,very_short_4_7,17.058863241236097,4.056232052471298,14.302273591518423,37.1815310265569,48.485000610351555,53.259143595116576,63.91973343987337,-1.1102230246251565e-14,9.846639011376501,31.83403657878161,0.9820141128187331,0.9493532988771279,800,medium,False,5406

278,INVH,INVH,Invitation Homes,Real Estate,2026-06-30,30.28499984741211,2026-06-22,28.10388888384539,6,0.17529800534722662,low_beta,59.70089266776767,neutral,very_short_4_7,20.36580626448783,7.7608866608509075,18.013816100270216,32.67735061590132,30.284999847412106,33.166471744405584,37.28749519112286,-1.1102230246251565e-14,9.514518446463516,23.12199233611394,0.9799865540223954,0.9603448395707112,800,medium,False,2365

279,CIEN,CIEN,Ciena,Information Technology,2026-06-30,483.4674987792969,2026-06-17,435.7624969482422,8,2.5003295859181343,high_beta,68.64383612864611,neutral,short_8_14,24.529392791823952,10.947477620296642,20.842495092052317,44.69517148984204,483.4674987792968,526.5862739876842,630.5272922476767,-1.1102230246251565e-14,8.918650233419534,30.417720702982077,0.9434358053523538,0.921668627118881,800,medium,False,5406

280,MSI,MSI,Motorola Solutions,Information Technology,2026-06-30,413.44249725341797,2026-06-23,391.61499786376953,5,0.1172099736080321,low_beta,50.37980772983489,neutral,very_short_4_7,15.824941804701893,5.573713853840068,13.516201679531074,31.171770065924534,413.4424972534179,444.5464707823279,513.688324541539,-1.1102230246251565e-14,7.5231679702836285,24.246619047164806,0.9823931352232361,0.965834513168584,800,high,True,5406

281,MA,MA,Mastercard,Financials,2026-06-30,511.65999603271484,2026-06-03,473.8449935913086,18,0.3162966027774616,low_beta,68.67417366641129,neutral,medium_15_28,16.101326313432338,7.980458367788867,15.891092934162993,27.289615698655403,511.6599960327148,549.1441418867821,603.1554713496951,-1.1102230246251565e-14,7.325987207268514,17.882084983468218,0.8997478369352456,0.9003010234339192,800,medium,False,5055

282,CSX,CSX,CSX Corporation,Industrials,2026-06-30,47.6349983215332,2026-03-20,38.175471716631705,69,0.5458323535449835,low_beta,58.240141772580074,neutral,long_29_plus,37.490730305471125,24.77906933309828,32.90609453433001,46.53646891273597,47.634998321533196,50.73752852863296,55.94098824433233,-1.1102230246251565e-14,6.513131765341673,17.43673814520623,0.8997379583044339,0.8993310321164775,800,high,True,5406

283,GEN,GEN,Gen Digital,Information Technology,2026-06-30,24.852499961853027,2026-06-22,23.272500038146973,6,1.170684344240562,market_beta,52.9981807992353,neutral,very_short_4_7,16.435355336123806,6.789128461128824,12.708975572262062,34.23638109759396,24.852499961853024,26.23019638304975,31.240161842144673,-1.1102230246251565e-14,5.543492297802621,25.702291077743844,0.9634934152469617,0.9478446649116619,800,high,True,5405

284,VTR,VTR,Ventas,Real Estate,2026-06-30,88.73750114440918,2026-06-04,78.89788480300312,17,0.0150196738207566,low_beta,75.71607783963263,overbought,medium_15_28,18.903781509885434,12.47133096910542,18.619970129562756,28.986847329340186,88.73750114440917,93.58864738617913,101.76789421692833,-1.1102230246251565e-14,5.466850180821892,14.684201047439704,0.8994248280052677,0.8988336710296585,800,medium,False,5406

285,SBUX,SBUX,Starbucks,Consumer Discretionary,2026-06-30,103.22000122070312,2026-06-05,94.80249977111816,16,0.765630756364035,market_beta,69.9840821399241,neutral,medium_15_28,15.170367159206577,8.878986809321843,14.5593517999434,27.892582812507033,103.22000122070311,108.60512922793578,121.24536552810409,-1.1102230246251565e-14,5.217136159220015,17.463053763058433,0.8998928479066057,0.8996236566891563,800,high,True,5406

286,RL,RL,Ralph Lauren Corporation,Consumer Discretionary,2026-06-30,399.9700012207031,2026-06-03,359.9825756913604,18,1.4541411230252903,high_beta,62.29885829201282,neutral,medium_15_28,17.87989197486897,11.108155846861557,16.33443608509033,31.575874866042923,399.97000122070307,418.7836994351276,473.6502233312226,-1.1102230246251565e-14,4.7037773225505175,18.421437079193037,0.9007628481549912,0.8994608329192811,800,medium,False,5406

287,PPG,PPG,PPG Industries,Materials,2026-06-30,121.07250022888184,2026-05-19,101.3224983215332,28,1.3060297515736417,high_beta,65.73760754552663,neutral,medium_15_28,26.624223601264703,19.492217656018184,24.449666501418587,38.30757930137552,121.07250022888182,126.09551125205351,140.13669471618942,-1.1102230246251565e-14,4.1487629425971395,15.746097958882178,0.8995697372685418,0.8992529893041328,800,high,True,5406

288,HCA,HCA,HCA Healthcare,Health Care,2026-06-30,389.8725051879883,2026-06-03,362.38872643829336,18,0.24909791823870334,low_beta,61.766498633486684,neutral,medium_15_28,12.302413025879659,7.584060083716415,11.829925291977114,22.55983868880932,389.8725051879882,405.25904204249076,444.14303854920286,-1.1102230246251565e-14,3.94655602786953,13.920071982261595,0.9002031375781522,0.9002529733566412,800,medium,False,3849

289,AMP,AMP,Ameriprise Financial,Financials,2026-06-30,454.5,2026-06-03,440.16249084472656,18,0.8097052080314493,market_beta,55.15726182079367,neutral,medium_15_28,4.181455237678236,3.2573218875960874,4.022846529905505,14.40416854032305,454.49999999999994,457.86955233361925,503.564237877285,-1.1102230246251565e-14,0.741375650961329,10.795211854188125,0.8997314790092277,0.8997701184358179,800,medium,False,5229

290,AJG,AJG,Arthur J. Gallagher & Co.,Financials,2026-06-30,227.87250518798828,2026-05-13,193.04493880271912,32,-0.24541298159765773,low_beta,62.19926283118372,neutral,long_29_plus,20.254027609224636,18.04117041413913,18.04117041413913,26.876735142470363,227.87250518798825,227.87250518798825,244.92911571066992,-1.1102230246251565e-14,-1.1102230246251565e-14,7.4851551347146605,0.9001615579873978,0.8998867332489524,800,medium,False,5406

291,BDX,BDX,Becton Dickinson,Health Care,2026-06-30,152.78750228881836,2026-06-22,141.67250061035156,6,0.3305088844213235,low_beta,56.90950724186611,neutral,very_short_4_7,22.77335758784563,7.845560451450551,20.84682058421307,39.50473733841888,152.78750228881833,171.20671262975972,197.63984985724085,-2.220446049250313e-14,12.055443059814564,29.356031675703996,0.98661566450938,0.9500925347919633,800,high,True,5406

292,GDDY,GDDY,GoDaddy,Information Technology,2026-06-30,84.5674991607666,2026-06-12,74.68749809265137,11,0.15544620757302194,low_beta,57.807515756938486,neutral,short_8_14,21.1667959627662,13.228453650782201,17.82819992673049,33.75303793795389,84.56749916076659,88.00293457288228,99.89679765877258,-2.220446049250313e-14,4.062358998679572,18.126701924653467,0.9326276783013205,0.9133344671423609,800,medium,False,2828
